Titulo,Especie,Fin,Data_Points,Key
Captura de,abulon,en Baja California (1956-2008),53,Captura; Baja; California; CONAPESCA;INAPESCA; Kg; 
Captura de,algas,en Baja California (1956-2008),53,Captura; Baja; California; CONAPESCA;INAPESCA; Kg; 
Captura de,almeja,en Baja California (1956-2008),43,Captura; Baja; California; CONAPESCA;INAPESCA; Kg; 
Captura de,anchoveta,en Baja California (1956-2008),41,Captura; Baja; California; CONAPESCA;INAPESCA; Kg; 
Captura de,atun,en Baja California (1956-2008),52,Captura; Baja; California; CONAPESCA;INAPESCA; Kg; 
Captura de,bagre,en Baja California (1956-2008),22,Captura; Baja; California; CONAPESCA;INAPESCA; Kg; 
Captura de,baqueta,en Baja California (1956-2008),24,Captura; Baja; California; CONAPESCA;INAPESCA; Kg; 
Captura de,barracuda,en Baja California (1956-2008),2,Captura; Baja; California; CONAPESCA;INAPESCA; Kg; 
Captura de,barrilete,en Baja California (1956-2008),43,Captura; Baja; California; CONAPESCA;INAPESCA; Kg; 
Captura de,berrugata,en Baja California (1956-2008),15,Captura; Baja; California; CONAPESCA;INAPESCA; Kg; 
Captura de,bonito,en Baja California (1956-2008),44,Captura; Baja; California; CONAPESCA;INAPESCA; Kg; 
Captura de,cabrilla,en Baja California (1956-2008),15,Captura; Baja; California; CONAPESCA;INAPESCA; Kg; 
Captura de,calamar,en Baja California (1956-2008),19,Captura; Baja; California; CONAPESCA;INAPESCA; Kg; 
Captura de,camaron,en Baja California (1956-2008),53,Captura; Baja; California; CONAPESCA;INAPESCA; Kg; 
Captura de,caracol,en Baja California (1956-2008),21,Captura; Baja; California; CONAPESCA;INAPESCA; Kg; 
Captura de,cazon,en Baja California (1956-2008),22,Captura; Baja; California; CONAPESCA;INAPESCA; Kg; 
Captura de,cocinero,en Baja California (1956-2008),4,Captura; Baja; California; CONAPESCA;INAPESCA; Kg; 
Captura de,conejo,en Baja California (1956-2008),1,Captura; Baja; California; CONAPESCA;INAPESCA; Kg; 
Captura de,corvina,en Baja California (1956-2008),31,Captura; Baja; California; CONAPESCA;INAPESCA; Kg; 
Captura de,choro (molusco),en Baja California (1956-2008),16,Captura; Baja; California; CONAPESCA;INAPESCA; Kg; 
Captura de,erizo,en Baja California (1956-2008),29,Captura; Baja; California; CONAPESCA;INAPESCA; Kg; 
Captura de,huachinango,en Baja California (1956-2008),18,Captura; Baja; California; CONAPESCA;INAPESCA; Kg; 
Captura de,jaiba,en Baja California (1956-2008),25,Captura; Baja; California; CONAPESCA;INAPESCA; Kg; 
Captura de,jurel,en Baja California (1956-2008),47,Captura; Baja; California; CONAPESCA;INAPESCA; Kg; 
Captura de,langosta,en Baja California (1956-2008),53,Captura; Baja; California; CONAPESCA;INAPESCA; Kg; 
Captura de,lebrancha,en Baja California (1956-2008),5,Captura; Baja; California; CONAPESCA;INAPESCA; Kg; 
Captura de,lenguado,en Baja California (1956-2008),21,Captura; Baja; California; CONAPESCA;INAPESCA; Kg; 
Captura de,lisa,en Baja California (1956-2008),28,Captura; Baja; California; CONAPESCA;INAPESCA; Kg; 
Captura de,macarela,en Baja California (1956-2008),49,Captura; Baja; California; CONAPESCA;INAPESCA; Kg; 
Captura de,mero,en Baja California (1956-2008),32,Captura; Baja; California; CONAPESCA;INAPESCA; Kg; 
Captura de,mojarra,en Baja California (1956-2008),23,Captura; Baja; California; CONAPESCA;INAPESCA; Kg; 
Captura de,ostion,en Baja California (1956-2008),27,Captura; Baja; California; CONAPESCA;INAPESCA; Kg; 
Captura de,"otras (pec,mol,crust)",en Baja California (1956-2008),44,Captura; Baja; California; CONAPESCA;INAPESCA; Kg; 
Captura de,otros crustaceos,en Baja California (1956-2008),4,Captura; Baja; California; CONAPESCA;INAPESCA; Kg; 
Captura de,otros moluscos,en Baja California (1956-2008),6,Captura; Baja; California; CONAPESCA;INAPESCA; Kg; 
Captura de,otros peces,en Baja California (1956-2008),12,Captura; Baja; California; CONAPESCA;INAPESCA; Kg; 
Captura de,pampano,en Baja California (1956-2008),10,Captura; Baja; California; CONAPESCA;INAPESCA; Kg; 
Captura de,pargo,en Baja California (1956-2008),20,Captura; Baja; California; CONAPESCA;INAPESCA; Kg; 
Captura de,"pesc seco,salpreso",en Baja California (1956-2008),2,Captura; Baja; California; CONAPESCA;INAPESCA; Kg; 
Captura de,peto,en Baja California (1956-2008),1,Captura; Baja; California; CONAPESCA;INAPESCA; Kg; 
Captura de,pierna,en Baja California (1956-2008),6,Captura; Baja; California; CONAPESCA;INAPESCA; Kg; 
Captura de,pulpo,en Baja California (1956-2008),23,Captura; Baja; California; CONAPESCA;INAPESCA; Kg; 
Captura de,rayas,en Baja California (1956-2008),12,Captura; Baja; California; CONAPESCA;INAPESCA; Kg; 
Captura de,ronco,en Baja California (1956-2008),24,Captura; Baja; California; CONAPESCA;INAPESCA; Kg; 
Captura de,sardina,en Baja California (1956-2008),53,Captura; Baja; California; CONAPESCA;INAPESCA; Kg; 
Captura de,sierra,en Baja California (1956-2008),22,Captura; Baja; California; CONAPESCA;INAPESCA; Kg; 
Captura de,tiburon,en Baja California (1956-2008),39,Captura; Baja; California; CONAPESCA;INAPESCA; Kg; 
Captura de,abulon,en Baja California Sur (1956-2008),29,Captura; Baja; California; Sur; CONAPESCA;INAPESCA; Kg; 
Captura de,algas,en Baja California Sur (1956-2008),38,Captura; Baja; California; Sur; CONAPESCA;INAPESCA; Kg; 
Captura de,almeja,en Baja California Sur (1956-2008),53,Captura; Baja; California; Sur; CONAPESCA;INAPESCA; Kg; 
Captura de,atun,en Baja California Sur (1956-2008),3,Captura; Baja; California; Sur; CONAPESCA;INAPESCA; Kg; 
Captura de,bacoco,en Baja California Sur (1956-2008),3,Captura; Baja; California; Sur; CONAPESCA;INAPESCA; Kg; 
Captura de,bagre,en Baja California Sur (1956-2008),11,Captura; Baja; California; Sur; CONAPESCA;INAPESCA; Kg; 
Captura de,bandera,en Baja California Sur (1956-2008),15,Captura; Baja; California; Sur; CONAPESCA;INAPESCA; Kg; 
Captura de,baqueta,en Baja California Sur (1956-2008),53,Captura; Baja; California; Sur; CONAPESCA;INAPESCA; Kg; 
Captura de,barrilete,en Baja California Sur (1956-2008),19,Captura; Baja; California; Sur; CONAPESCA;INAPESCA; Kg; 
Captura de,berrugata,en Baja California Sur (1956-2008),34,Captura; Baja; California; Sur; CONAPESCA;INAPESCA; Kg; 
Captura de,bonito,en Baja California Sur (1956-2008),31,Captura; Baja; California; Sur; CONAPESCA;INAPESCA; Kg; 
Captura de,cabrilla,en Baja California Sur (1956-2008),17,Captura; Baja; California; Sur; CONAPESCA;INAPESCA; Kg; 
Captura de,calamar,en Baja California Sur (1956-2008),53,Captura; Baja; California; Sur; CONAPESCA;INAPESCA; Kg; 
Captura de,camaron,en Baja California Sur (1956-2008),30,Captura; Baja; California; Sur; CONAPESCA;INAPESCA; Kg; 
Captura de,caracol,en Baja California Sur (1956-2008),37,Captura; Baja; California; Sur; CONAPESCA;INAPESCA; Kg; 
Captura de,cazon,en Baja California Sur (1956-2008),32,Captura; Baja; California; Sur; CONAPESCA;INAPESCA; Kg; 
Captura de,corvina,en Baja California Sur (1956-2008),1,Captura; Baja; California; Sur; CONAPESCA;INAPESCA; Kg; 
Captura de,chopa,en Baja California Sur (1956-2008),8,Captura; Baja; California; Sur; CONAPESCA;INAPESCA; Kg; 
Captura de,erizo,en Baja California Sur (1956-2008),7,Captura; Baja; California; Sur; CONAPESCA;INAPESCA; Kg; 
Captura de,garropa,en Baja California Sur (1956-2008),5,Captura; Baja; California; Sur; CONAPESCA;INAPESCA; Kg; 
Captura de,gurrubata,en Baja California Sur (1956-2008),43,Captura; Baja; California; Sur; CONAPESCA;INAPESCA; Kg; 
Captura de,huachinango,en Baja California Sur (1956-2008),23,Captura; Baja; California; Sur; CONAPESCA;INAPESCA; Kg; 
Captura de,jaiba,en Baja California Sur (1956-2008),45,Captura; Baja; California; Sur; CONAPESCA;INAPESCA; Kg; 
Captura de,jurel,en Baja California Sur (1956-2008),53,Captura; Baja; California; Sur; CONAPESCA;INAPESCA; Kg; 
Captura de,langosta,en Baja California Sur (1956-2008),13,Captura; Baja; California; Sur; CONAPESCA;INAPESCA; Kg; 
Captura de,lenguado,en Baja California Sur (1956-2008),31,Captura; Baja; California; Sur; CONAPESCA;INAPESCA; Kg; 
Captura de,lisa,en Baja California Sur (1956-2008),1,Captura; Baja; California; Sur; CONAPESCA;INAPESCA; Kg; 
Captura de,lucero,en Baja California Sur (1956-2008),27,Captura; Baja; California; Sur; CONAPESCA;INAPESCA; Kg; 
Captura de,macarela,en Baja California Sur (1956-2008),33,Captura; Baja; California; Sur; CONAPESCA;INAPESCA; Kg; 
Captura de,mero,en Baja California Sur (1956-2008),24,Captura; Baja; California; Sur; CONAPESCA;INAPESCA; Kg; 
Captura de,mojarra,en Baja California Sur (1956-2008),29,Captura; Baja; California; Sur; CONAPESCA;INAPESCA; Kg; 
Captura de,ostion,en Baja California Sur (1956-2008),44,Captura; Baja; California; Sur; CONAPESCA;INAPESCA; Kg; 
Captura de,"otras (pec,mol,crust)",en Baja California Sur (1956-2008),3,Captura; Baja; California; Sur; CONAPESCA;INAPESCA; Kg; 
Captura de,otros crustaceos,en Baja California Sur (1956-2008),6,Captura; Baja; California; Sur; CONAPESCA;INAPESCA; Kg; 
Captura de,otros moluscos,en Baja California Sur (1956-2008),10,Captura; Baja; California; Sur; CONAPESCA;INAPESCA; Kg; 
Captura de,otros peces,en Baja California Sur (1956-2008),12,Captura; Baja; California; Sur; CONAPESCA;INAPESCA; Kg; 
Captura de,pampano,en Baja California Sur (1956-2008),38,Captura; Baja; California; Sur; CONAPESCA;INAPESCA; Kg; 
Captura de,pargo,en Baja California Sur (1956-2008),12,Captura; Baja; California; Sur; CONAPESCA;INAPESCA; Kg; 
Captura de,"pesc seco,salpreso",en Baja California Sur (1956-2008),18,Captura; Baja; California; Sur; CONAPESCA;INAPESCA; Kg; 
Captura de,pierna,en Baja California Sur (1956-2008),23,Captura; Baja; California; Sur; CONAPESCA;INAPESCA; Kg; 
Captura de,pulpo,en Baja California Sur (1956-2008),16,Captura; Baja; California; Sur; CONAPESCA;INAPESCA; Kg; 
Captura de,rayas,en Baja California Sur (1956-2008),20,Captura; Baja; California; Sur; CONAPESCA;INAPESCA; Kg; 
Captura de,robalo,en Baja California Sur (1956-2008),21,Captura; Baja; California; Sur; CONAPESCA;INAPESCA; Kg; 
Captura de,ronco,en Baja California Sur (1956-2008),50,Captura; Baja; California; Sur; CONAPESCA;INAPESCA; Kg; 
Captura de,sardina,en Baja California Sur (1956-2008),13,Captura; Baja; California; Sur; CONAPESCA;INAPESCA; Kg; 
Captura de,sargazos,en Baja California Sur (1956-2008),38,Captura; Baja; California; Sur; CONAPESCA;INAPESCA; Kg; 
Captura de,sierra,en Baja California Sur (1956-2008),42,Captura; Baja; California; Sur; CONAPESCA;INAPESCA; Kg; 
Captura de,tiburon,en Baja California Sur (1956-2008),53,Captura; Baja; California; Sur; CONAPESCA;INAPESCA; Kg; 
Captura de,almeja,en Sonora (1956-2008),37,Captura; Sonora; CONAPESCA;INAPESCA; Kg; 
Captura de,atun,en Sonora (1956-2008),16,Captura; Sonora; CONAPESCA;INAPESCA; Kg; 
Captura de,bacoco,en Sonora (1956-2008),1,Captura; Sonora; CONAPESCA;INAPESCA; Kg; 
Captura de,bagre,en Sonora (1956-2008),21,Captura; Sonora; CONAPESCA;INAPESCA; Kg; 
Captura de,bandera,en Sonora (1956-2008),20,Captura; Sonora; CONAPESCA;INAPESCA; Kg; 
Captura de,baqueta,en Sonora (1956-2008),29,Captura; Sonora; CONAPESCA;INAPESCA; Kg; 
Captura de,barrilete,en Sonora (1956-2008),16,Captura; Sonora; CONAPESCA;INAPESCA; Kg; 
Captura de,berrugata,en Sonora (1956-2008),18,Captura; Sonora; CONAPESCA;INAPESCA; Kg; 
Captura de,bonito,en Sonora (1956-2008),2,Captura; Sonora; CONAPESCA;INAPESCA; Kg; 
Captura de,cabaicucho,en Sonora (1956-2008),14,Captura; Sonora; CONAPESCA;INAPESCA; Kg; 
Captura de,caballo,en Sonora (1956-2008),2,Captura; Sonora; CONAPESCA;INAPESCA; Kg; 
Captura de,cabrilla,en Sonora (1956-2008),38,Captura; Sonora; CONAPESCA;INAPESCA; Kg; 
Captura de,calamar,en Sonora (1956-2008),27,Captura; Sonora; CONAPESCA;INAPESCA; Kg; 
Captura de,callo de hacha,en Sonora (1956-2008),7,Captura; Sonora; CONAPESCA;INAPESCA; Kg; 
Captura de,camaron,en Sonora (1956-2008),53,Captura; Sonora; CONAPESCA;INAPESCA; Kg; 
Captura de,caracol,en Sonora (1956-2008),24,Captura; Sonora; CONAPESCA;INAPESCA; Kg; 
Captura de,cazon,en Sonora (1956-2008),46,Captura; Sonora; CONAPESCA;INAPESCA; Kg; 
Captura de,cocinero,en Sonora (1956-2008),1,Captura; Sonora; CONAPESCA;INAPESCA; Kg; 
Captura de,conejo,en Sonora (1956-2008),2,Captura; Sonora; CONAPESCA;INAPESCA; Kg; 
Captura de,corvina,en Sonora (1956-2008),52,Captura; Sonora; CONAPESCA;INAPESCA; Kg; 
Captura de,chihuil,en Sonora (1956-2008),1,Captura; Sonora; CONAPESCA;INAPESCA; Kg; 
Captura de,chivato,en Sonora (1956-2008),1,Captura; Sonora; CONAPESCA;INAPESCA; Kg; 
Captura de,chopa,en Sonora (1956-2008),1,Captura; Sonora; CONAPESCA;INAPESCA; Kg; 
Captura de,extranjero,en Sonora (1956-2008),2,Captura; Sonora; CONAPESCA;INAPESCA; Kg; 
Captura de,garropa,en Sonora (1956-2008),1,Captura; Sonora; CONAPESCA;INAPESCA; Kg; 
Captura de,huachinango,en Sonora (1956-2008),23,Captura; Sonora; CONAPESCA;INAPESCA; Kg; 
Captura de,jaiba,en Sonora (1956-2008),29,Captura; Sonora; CONAPESCA;INAPESCA; Kg; 
Captura de,jurel,en Sonora (1956-2008),24,Captura; Sonora; CONAPESCA;INAPESCA; Kg; 
Captura de,langosta,en Sonora (1956-2008),28,Captura; Sonora; CONAPESCA;INAPESCA; Kg; 
Captura de,lenguado,en Sonora (1956-2008),34,Captura; Sonora; CONAPESCA;INAPESCA; Kg; 
Captura de,lisa,en Sonora (1956-2008),53,Captura; Sonora; CONAPESCA;INAPESCA; Kg; 
Captura de,lucero,en Sonora (1956-2008),3,Captura; Sonora; CONAPESCA;INAPESCA; Kg; 
Captura de,macarela,en Sonora (1956-2008),25,Captura; Sonora; CONAPESCA;INAPESCA; Kg; 
Captura de,machorro,en Sonora (1956-2008),2,Captura; Sonora; CONAPESCA;INAPESCA; Kg; 
Captura de,mero,en Sonora (1956-2008),8,Captura; Sonora; CONAPESCA;INAPESCA; Kg; 
Captura de,mojarra (malacapa),en Sonora (1956-2008),41,Captura; Sonora; CONAPESCA;INAPESCA; Kg; 
Captura de,ostion,en Sonora (1956-2008),27,Captura; Sonora; CONAPESCA;INAPESCA; Kg; 
Captura de,"otras (pec,mol,crust)",en Sonora (1956-2008),44,Captura; Sonora; CONAPESCA;INAPESCA; Kg; 
Captura de,otros crustaceos,en Sonora (1956-2008),2,Captura; Sonora; CONAPESCA;INAPESCA; Kg; 
Captura de,otros moluscos,en Sonora (1956-2008),6,Captura; Sonora; CONAPESCA;INAPESCA; Kg; 
Captura de,otros peces,en Sonora (1956-2008),13,Captura; Sonora; CONAPESCA;INAPESCA; Kg; 
Captura de,pampano,en Sonora (1956-2008),12,Captura; Sonora; CONAPESCA;INAPESCA; Kg; 
Captura de,pargo,en Sonora (1956-2008),47,Captura; Sonora; CONAPESCA;INAPESCA; Kg; 
Captura de,"pesc seco,salpreso",en Sonora (1956-2008),3,Captura; Sonora; CONAPESCA;INAPESCA; Kg; 
Captura de,pierna,en Sonora (1956-2008),12,Captura; Sonora; CONAPESCA;INAPESCA; Kg; 
Captura de,pulpo,en Sonora (1956-2008),27,Captura; Sonora; CONAPESCA;INAPESCA; Kg; 
Captura de,raton,en Sonora (1956-2008),2,Captura; Sonora; CONAPESCA;INAPESCA; Kg; 
Captura de,rayas,en Sonora (1956-2008),17,Captura; Sonora; CONAPESCA;INAPESCA; Kg; 
Captura de,robalo,en Sonora (1956-2008),10,Captura; Sonora; CONAPESCA;INAPESCA; Kg; 
Captura de,roncacho,en Sonora (1956-2008),2,Captura; Sonora; CONAPESCA;INAPESCA; Kg; 
Captura de,ronco,en Sonora (1956-2008),22,Captura; Sonora; CONAPESCA;INAPESCA; Kg; 
Captura de,rubia (villajaiba),en Sonora (1956-2008),10,Captura; Sonora; CONAPESCA;INAPESCA; Kg; 
Captura de,sardina,en Sonora (1956-2008),43,Captura; Sonora; CONAPESCA;INAPESCA; Kg; 
Captura de,sierra,en Sonora (1956-2008),52,Captura; Sonora; CONAPESCA;INAPESCA; Kg; 
Captura de,tiburon,en Sonora (1956-2008),46,Captura; Sonora; CONAPESCA;INAPESCA; Kg; 
Captura de,almeja,en Sinaloa (1956-2008),44,Captura; Sinaloa; CONAPESCA;INAPESCA; Kg; 
Captura de,anchoveta,en Sinaloa (1956-2008),1,Captura; Sinaloa; CONAPESCA;INAPESCA; Kg; 
Captura de,atun,en Sinaloa (1956-2008),36,Captura; Sinaloa; CONAPESCA;INAPESCA; Kg; 
Captura de,bagre,en Sinaloa (1956-2008),30,Captura; Sinaloa; CONAPESCA;INAPESCA; Kg; 
Captura de,bandera,en Sinaloa (1956-2008),20,Captura; Sinaloa; CONAPESCA;INAPESCA; Kg; 
Captura de,baqueta,en Sinaloa (1956-2008),30,Captura; Sinaloa; CONAPESCA;INAPESCA; Kg; 
Captura de,barrilete,en Sinaloa (1956-2008),31,Captura; Sinaloa; CONAPESCA;INAPESCA; Kg; 
Captura de,berrugata,en Sinaloa (1956-2008),20,Captura; Sinaloa; CONAPESCA;INAPESCA; Kg; 
Captura de,bonito,en Sinaloa (1956-2008),13,Captura; Sinaloa; CONAPESCA;INAPESCA; Kg; 
Captura de,botete,en Sinaloa (1956-2008),5,Captura; Sinaloa; CONAPESCA;INAPESCA; Kg; 
Captura de,burro,en Sinaloa (1956-2008),2,Captura; Sinaloa; CONAPESCA;INAPESCA; Kg; 
Captura de,cabrilla,en Sinaloa (1956-2008),16,Captura; Sinaloa; CONAPESCA;INAPESCA; Kg; 
Captura de,calamar,en Sinaloa (1956-2008),24,Captura; Sinaloa; CONAPESCA;INAPESCA; Kg; 
Captura de,callo de hacha,en Sinaloa (1956-2008),12,Captura; Sinaloa; CONAPESCA;INAPESCA; Kg; 
Captura de,camaron,en Sinaloa (1956-2008),53,Captura; Sinaloa; CONAPESCA;INAPESCA; Kg; 
Captura de,caracol,en Sinaloa (1956-2008),22,Captura; Sinaloa; CONAPESCA;INAPESCA; Kg; 
Captura de,cazon,en Sinaloa (1956-2008),48,Captura; Sinaloa; CONAPESCA;INAPESCA; Kg; 
Captura de,cochi,en Sinaloa (1956-2008),4,Captura; Sinaloa; CONAPESCA;INAPESCA; Kg; 
Captura de,conejo,en Sinaloa (1956-2008),1,Captura; Sinaloa; CONAPESCA;INAPESCA; Kg; 
Captura de,constantino,en Sinaloa (1956-2008),3,Captura; Sinaloa; CONAPESCA;INAPESCA; Kg; 
Captura de,corvina,en Sinaloa (1956-2008),53,Captura; Sinaloa; CONAPESCA;INAPESCA; Kg; 
Captura de,chihuil,en Sinaloa (1956-2008),5,Captura; Sinaloa; CONAPESCA;INAPESCA; Kg; 
Captura de,choro (molusco),en Sinaloa (1956-2008),5,Captura; Sinaloa; CONAPESCA;INAPESCA; Kg; 
Captura de,esmedregal,en Sinaloa (1956-2008),4,Captura; Sinaloa; CONAPESCA;INAPESCA; Kg; 
Captura de,garropa,en Sinaloa (1956-2008),3,Captura; Sinaloa; CONAPESCA;INAPESCA; Kg; 
Captura de,gurrubata,en Sinaloa (1956-2008),2,Captura; Sinaloa; CONAPESCA;INAPESCA; Kg; 
Captura de,huachinango,en Sinaloa (1956-2008),44,Captura; Sinaloa; CONAPESCA;INAPESCA; Kg; 
Captura de,jaiba,en Sinaloa (1956-2008),27,Captura; Sinaloa; CONAPESCA;INAPESCA; Kg; 
Captura de,jurel,en Sinaloa (1956-2008),35,Captura; Sinaloa; CONAPESCA;INAPESCA; Kg; 
Captura de,langosta,en Sinaloa (1956-2008),31,Captura; Sinaloa; CONAPESCA;INAPESCA; Kg; 
Captura de,lenguado,en Sinaloa (1956-2008),18,Captura; Sinaloa; CONAPESCA;INAPESCA; Kg; 
Captura de,lisa,en Sinaloa (1956-2008),53,Captura; Sinaloa; CONAPESCA;INAPESCA; Kg; 
Captura de,lucero,en Sinaloa (1956-2008),1,Captura; Sinaloa; CONAPESCA;INAPESCA; Kg; 
Captura de,macarela,en Sinaloa (1956-2008),3,Captura; Sinaloa; CONAPESCA;INAPESCA; Kg; 
Captura de,mero,en Sinaloa (1956-2008),21,Captura; Sinaloa; CONAPESCA;INAPESCA; Kg; 
Captura de,mojarra (malacapa),en Sinaloa (1956-2008),38,Captura; Sinaloa; CONAPESCA;INAPESCA; Kg; 
Captura de,ostion,en Sinaloa (1956-2008),52,Captura; Sinaloa; CONAPESCA;INAPESCA; Kg; 
Captura de,"otras (pec,mol,crust)",en Sinaloa (1956-2008),44,Captura; Sinaloa; CONAPESCA;INAPESCA; Kg; 
Captura de,otros crustaceos,en Sinaloa (1956-2008),4,Captura; Sinaloa; CONAPESCA;INAPESCA; Kg; 
Captura de,otros moluscos,en Sinaloa (1956-2008),15,Captura; Sinaloa; CONAPESCA;INAPESCA; Kg; 
Captura de,otros peces,en Sinaloa (1956-2008),11,Captura; Sinaloa; CONAPESCA;INAPESCA; Kg; 
Captura de,palometa,en Sinaloa (1956-2008),3,Captura; Sinaloa; CONAPESCA;INAPESCA; Kg; 
Captura de,pampano,en Sinaloa (1956-2008),13,Captura; Sinaloa; CONAPESCA;INAPESCA; Kg; 
Captura de,papelillo,en Sinaloa (1956-2008),2,Captura; Sinaloa; CONAPESCA;INAPESCA; Kg; 
Captura de,pargo,en Sinaloa (1956-2008),47,Captura; Sinaloa; CONAPESCA;INAPESCA; Kg; 
Captura de,"pesc seco,salpreso",en Sinaloa (1956-2008),12,Captura; Sinaloa; CONAPESCA;INAPESCA; Kg; 
Captura de,pierna,en Sinaloa (1956-2008),15,Captura; Sinaloa; CONAPESCA;INAPESCA; Kg; 
Captura de,pulpo,en Sinaloa (1956-2008),3,Captura; Sinaloa; CONAPESCA;INAPESCA; Kg; 
Captura de,rayas,en Sinaloa (1956-2008),12,Captura; Sinaloa; CONAPESCA;INAPESCA; Kg; 
Captura de,robalo,en Sinaloa (1956-2008),38,Captura; Sinaloa; CONAPESCA;INAPESCA; Kg; 
Captura de,roncacho,en Sinaloa (1956-2008),3,Captura; Sinaloa; CONAPESCA;INAPESCA; Kg; 
Captura de,ronco,en Sinaloa (1956-2008),23,Captura; Sinaloa; CONAPESCA;INAPESCA; Kg; 
Captura de,rubia (villajaiba),en Sinaloa (1956-2008),13,Captura; Sinaloa; CONAPESCA;INAPESCA; Kg; 
Captura de,sardina,en Sinaloa (1956-2008),36,Captura; Sinaloa; CONAPESCA;INAPESCA; Kg; 
Captura de,sierra,en Sinaloa (1956-2008),52,Captura; Sinaloa; CONAPESCA;INAPESCA; Kg; 
Captura de,tiburon,en Sinaloa (1956-2008),46,Captura; Sinaloa; CONAPESCA;INAPESCA; Kg; 
Captura de,almeja,en Nayarit (1956-2008),30,Captura; Nayarit; CONAPESCA;INAPESCA; Kg; 
Captura de,atun,en Nayarit (1956-2008),14,Captura; Nayarit; CONAPESCA;INAPESCA; Kg; 
Captura de,bagre,en Nayarit (1956-2008),21,Captura; Nayarit; CONAPESCA;INAPESCA; Kg; 
Captura de,bandera,en Nayarit (1956-2008),26,Captura; Nayarit; CONAPESCA;INAPESCA; Kg; 
Captura de,baqueta,en Nayarit (1956-2008),14,Captura; Nayarit; CONAPESCA;INAPESCA; Kg; 
Captura de,barrilete,en Nayarit (1956-2008),31,Captura; Nayarit; CONAPESCA;INAPESCA; Kg; 
Captura de,berrugata,en Nayarit (1956-2008),16,Captura; Nayarit; CONAPESCA;INAPESCA; Kg; 
Captura de,bonito,en Nayarit (1956-2008),18,Captura; Nayarit; CONAPESCA;INAPESCA; Kg; 
Captura de,botete,en Nayarit (1956-2008),3,Captura; Nayarit; CONAPESCA;INAPESCA; Kg; 
Captura de,burro,en Nayarit (1956-2008),3,Captura; Nayarit; CONAPESCA;INAPESCA; Kg; 
Captura de,cabrilla,en Nayarit (1956-2008),3,Captura; Nayarit; CONAPESCA;INAPESCA; Kg; 
Captura de,calamar,en Nayarit (1956-2008),5,Captura; Nayarit; CONAPESCA;INAPESCA; Kg; 
Captura de,camaron,en Nayarit (1956-2008),53,Captura; Nayarit; CONAPESCA;INAPESCA; Kg; 
Captura de,caracol,en Nayarit (1956-2008),9,Captura; Nayarit; CONAPESCA;INAPESCA; Kg; 
Captura de,cazon,en Nayarit (1956-2008),53,Captura; Nayarit; CONAPESCA;INAPESCA; Kg; 
Captura de,constantino,en Nayarit (1956-2008),33,Captura; Nayarit; CONAPESCA;INAPESCA; Kg; 
Captura de,corvina,en Nayarit (1956-2008),53,Captura; Nayarit; CONAPESCA;INAPESCA; Kg; 
Captura de,chihuil,en Nayarit (1956-2008),7,Captura; Nayarit; CONAPESCA;INAPESCA; Kg; 
Captura de,chile,en Nayarit (1956-2008),3,Captura; Nayarit; CONAPESCA;INAPESCA; Kg; 
Captura de,esmedregal,en Nayarit (1956-2008),11,Captura; Nayarit; CONAPESCA;INAPESCA; Kg; 
Captura de,gurrubata,en Nayarit (1956-2008),2,Captura; Nayarit; CONAPESCA;INAPESCA; Kg; 
Captura de,huachinango,en Nayarit (1956-2008),43,Captura; Nayarit; CONAPESCA;INAPESCA; Kg; 
Captura de,jaiba,en Nayarit (1956-2008),18,Captura; Nayarit; CONAPESCA;INAPESCA; Kg; 
Captura de,jurel,en Nayarit (1956-2008),22,Captura; Nayarit; CONAPESCA;INAPESCA; Kg; 
Captura de,langosta,en Nayarit (1956-2008),21,Captura; Nayarit; CONAPESCA;INAPESCA; Kg; 
Captura de,lebrancha,en Nayarit (1956-2008),14,Captura; Nayarit; CONAPESCA;INAPESCA; Kg; 
Captura de,lenguado,en Nayarit (1956-2008),8,Captura; Nayarit; CONAPESCA;INAPESCA; Kg; 
Captura de,lisa,en Nayarit (1956-2008),52,Captura; Nayarit; CONAPESCA;INAPESCA; Kg; 
Captura de,macarela,en Nayarit (1956-2008),1,Captura; Nayarit; CONAPESCA;INAPESCA; Kg; 
Captura de,mero,en Nayarit (1956-2008),23,Captura; Nayarit; CONAPESCA;INAPESCA; Kg; 
Captura de,mojarra,en Nayarit (1956-2008),44,Captura; Nayarit; CONAPESCA;INAPESCA; Kg; 
Captura de,ostion,en Nayarit (1956-2008),53,Captura; Nayarit; CONAPESCA;INAPESCA; Kg; 
Captura de,"otras (pec,mol,crust)",en Nayarit (1956-2008),44,Captura; Nayarit; CONAPESCA;INAPESCA; Kg; 
Captura de,otros crustaceos,en Nayarit (1956-2008),3,Captura; Nayarit; CONAPESCA;INAPESCA; Kg; 
Captura de,otros moluscos,en Nayarit (1956-2008),4,Captura; Nayarit; CONAPESCA;INAPESCA; Kg; 
Captura de,otros peces,en Nayarit (1956-2008),12,Captura; Nayarit; CONAPESCA;INAPESCA; Kg; 
Captura de,palometa,en Nayarit (1956-2008),2,Captura; Nayarit; CONAPESCA;INAPESCA; Kg; 
Captura de,pampano,en Nayarit (1956-2008),12,Captura; Nayarit; CONAPESCA;INAPESCA; Kg; 
Captura de,papelillo,en Nayarit (1956-2008),3,Captura; Nayarit; CONAPESCA;INAPESCA; Kg; 
Captura de,pargo,en Nayarit (1956-2008),52,Captura; Nayarit; CONAPESCA;INAPESCA; Kg; 
Captura de,"pesc seco,salpreso",en Nayarit (1956-2008),3,Captura; Nayarit; CONAPESCA;INAPESCA; Kg; 
Captura de,pulpo,en Nayarit (1956-2008),21,Captura; Nayarit; CONAPESCA;INAPESCA; Kg; 
Captura de,rayas,en Nayarit (1956-2008),12,Captura; Nayarit; CONAPESCA;INAPESCA; Kg; 
Captura de,robalo,en Nayarit (1956-2008),53,Captura; Nayarit; CONAPESCA;INAPESCA; Kg; 
Captura de,ronco,en Nayarit (1956-2008),20,Captura; Nayarit; CONAPESCA;INAPESCA; Kg; 
Captura de,sardina,en Nayarit (1956-2008),9,Captura; Nayarit; CONAPESCA;INAPESCA; Kg; 
Captura de,sierra,en Nayarit (1956-2008),53,Captura; Nayarit; CONAPESCA;INAPESCA; Kg; 
Captura de,tiburon,en Nayarit (1956-2008),41,Captura; Nayarit; CONAPESCA;INAPESCA; Kg; 
Captura de,almeja,en Jalisco (1956-2008),18,Captura; Jalisco; CONAPESCA;INAPESCA; Kg; 
Captura de,atun,en Jalisco (1956-2008),15,Captura; Jalisco; CONAPESCA;INAPESCA; Kg; 
Captura de,bagre,en Jalisco (1956-2008),34,Captura; Jalisco; CONAPESCA;INAPESCA; Kg; 
Captura de,bandera,en Jalisco (1956-2008),23,Captura; Jalisco; CONAPESCA;INAPESCA; Kg; 
Captura de,baqueta,en Jalisco (1956-2008),2,Captura; Jalisco; CONAPESCA;INAPESCA; Kg; 
Captura de,barrilete,en Jalisco (1956-2008),16,Captura; Jalisco; CONAPESCA;INAPESCA; Kg; 
Captura de,berrugata,en Jalisco (1956-2008),13,Captura; Jalisco; CONAPESCA;INAPESCA; Kg; 
Captura de,bonito,en Jalisco (1956-2008),8,Captura; Jalisco; CONAPESCA;INAPESCA; Kg; 
Captura de,cabrilla,en Jalisco (1956-2008),13,Captura; Jalisco; CONAPESCA;INAPESCA; Kg; 
Captura de,calamar,en Jalisco (1956-2008),1,Captura; Jalisco; CONAPESCA;INAPESCA; Kg; 
Captura de,camaron,en Jalisco (1956-2008),27,Captura; Jalisco; CONAPESCA;INAPESCA; Kg; 
Captura de,caracol,en Jalisco (1956-2008),7,Captura; Jalisco; CONAPESCA;INAPESCA; Kg; 
Captura de,cazon,en Jalisco (1956-2008),41,Captura; Jalisco; CONAPESCA;INAPESCA; Kg; 
Captura de,cocinero,en Jalisco (1956-2008),7,Captura; Jalisco; CONAPESCA;INAPESCA; Kg; 
Captura de,corvina,en Jalisco (1956-2008),25,Captura; Jalisco; CONAPESCA;INAPESCA; Kg; 
Captura de,chihuil,en Jalisco (1956-2008),2,Captura; Jalisco; CONAPESCA;INAPESCA; Kg; 
Captura de,chopa,en Jalisco (1956-2008),1,Captura; Jalisco; CONAPESCA;INAPESCA; Kg; 
Captura de,esmedregal,en Jalisco (1956-2008),14,Captura; Jalisco; CONAPESCA;INAPESCA; Kg; 
Captura de,huachinango,en Jalisco (1956-2008),45,Captura; Jalisco; CONAPESCA;INAPESCA; Kg; 
Captura de,jaiba,en Jalisco (1956-2008),25,Captura; Jalisco; CONAPESCA;INAPESCA; Kg; 
Captura de,jurel,en Jalisco (1956-2008),25,Captura; Jalisco; CONAPESCA;INAPESCA; Kg; 
Captura de,langosta,en Jalisco (1956-2008),37,Captura; Jalisco; CONAPESCA;INAPESCA; Kg; 
Captura de,lebrancha,en Jalisco (1956-2008),15,Captura; Jalisco; CONAPESCA;INAPESCA; Kg; 
Captura de,lenguado,en Jalisco (1956-2008),7,Captura; Jalisco; CONAPESCA;INAPESCA; Kg; 
Captura de,lisa,en Jalisco (1956-2008),33,Captura; Jalisco; CONAPESCA;INAPESCA; Kg; 
Captura de,lucero,en Jalisco (1956-2008),3,Captura; Jalisco; CONAPESCA;INAPESCA; Kg; 
Captura de,macarela,en Jalisco (1956-2008),1,Captura; Jalisco; CONAPESCA;INAPESCA; Kg; 
Captura de,mero,en Jalisco (1956-2008),9,Captura; Jalisco; CONAPESCA;INAPESCA; Kg; 
Captura de,mojarra,en Jalisco (1956-2008),44,Captura; Jalisco; CONAPESCA;INAPESCA; Kg; 
Captura de,ostion,en Jalisco (1956-2008),31,Captura; Jalisco; CONAPESCA;INAPESCA; Kg; 
Captura de,"otras (pec,mol,crust)",en Jalisco (1956-2008),43,Captura; Jalisco; CONAPESCA;INAPESCA; Kg; 
Captura de,otros crustaceos,en Jalisco (1956-2008),4,Captura; Jalisco; CONAPESCA;INAPESCA; Kg; 
Captura de,otros moluscos,en Jalisco (1956-2008),6,Captura; Jalisco; CONAPESCA;INAPESCA; Kg; 
Captura de,otros peces,en Jalisco (1956-2008),11,Captura; Jalisco; CONAPESCA;INAPESCA; Kg; 
Captura de,pampano,en Jalisco (1956-2008),12,Captura; Jalisco; CONAPESCA;INAPESCA; Kg; 
Captura de,pargo,en Jalisco (1956-2008),44,Captura; Jalisco; CONAPESCA;INAPESCA; Kg; 
Captura de,"pesc seco,salpreso",en Jalisco (1956-2008),5,Captura; Jalisco; CONAPESCA;INAPESCA; Kg; 
Captura de,pulpo,en Jalisco (1956-2008),27,Captura; Jalisco; CONAPESCA;INAPESCA; Kg; 
Captura de,rayas,en Jalisco (1956-2008),15,Captura; Jalisco; CONAPESCA;INAPESCA; Kg; 
Captura de,robalo,en Jalisco (1956-2008),29,Captura; Jalisco; CONAPESCA;INAPESCA; Kg; 
Captura de,ronco,en Jalisco (1956-2008),23,Captura; Jalisco; CONAPESCA;INAPESCA; Kg; 
Captura de,sardina,en Jalisco (1956-2008),14,Captura; Jalisco; CONAPESCA;INAPESCA; Kg; 
Captura de,sierra,en Jalisco (1956-2008),41,Captura; Jalisco; CONAPESCA;INAPESCA; Kg; 
Captura de,tiburon,en Jalisco (1956-2008),40,Captura; Jalisco; CONAPESCA;INAPESCA; Kg; 
Captura de,almeja,en Colima (1956-2008),7,Captura; Colima; CONAPESCA;INAPESCA; Kg; 
Captura de,atun,en Colima (1956-2008),22,Captura; Colima; CONAPESCA;INAPESCA; Kg; 
Captura de,bagre,en Colima (1956-2008),18,Captura; Colima; CONAPESCA;INAPESCA; Kg; 
Captura de,bandera (cuatete),en Colima (1956-2008),47,Captura; Colima; CONAPESCA;INAPESCA; Kg; 
Captura de,baqueta,en Colima (1956-2008),4,Captura; Colima; CONAPESCA;INAPESCA; Kg; 
Captura de,barrilete,en Colima (1956-2008),25,Captura; Colima; CONAPESCA;INAPESCA; Kg; 
Captura de,berrugata,en Colima (1956-2008),26,Captura; Colima; CONAPESCA;INAPESCA; Kg; 
Captura de,bonito,en Colima (1956-2008),6,Captura; Colima; CONAPESCA;INAPESCA; Kg; 
Captura de,cabrilla,en Colima (1956-2008),11,Captura; Colima; CONAPESCA;INAPESCA; Kg; 
Captura de,calamar,en Colima (1956-2008),19,Captura; Colima; CONAPESCA;INAPESCA; Kg; 
Captura de,callo de hacha,en Colima (1956-2008),1,Captura; Colima; CONAPESCA;INAPESCA; Kg; 
Captura de,camaron,en Colima (1956-2008),51,Captura; Colima; CONAPESCA;INAPESCA; Kg; 
Captura de,caracol,en Colima (1956-2008),1,Captura; Colima; CONAPESCA;INAPESCA; Kg; 
Captura de,cazon,en Colima (1956-2008),32,Captura; Colima; CONAPESCA;INAPESCA; Kg; 
Captura de,cocinero,en Colima (1956-2008),8,Captura; Colima; CONAPESCA;INAPESCA; Kg; 
Captura de,corvina,en Colima (1956-2008),23,Captura; Colima; CONAPESCA;INAPESCA; Kg; 
Captura de,chopa,en Colima (1956-2008),1,Captura; Colima; CONAPESCA;INAPESCA; Kg; 
Captura de,esmedregal,en Colima (1956-2008),11,Captura; Colima; CONAPESCA;INAPESCA; Kg; 
Captura de,gallineta,en Colima (1956-2008),24,Captura; Colima; CONAPESCA;INAPESCA; Kg; 
Captura de,huachinango,en Colima (1956-2008),52,Captura; Colima; CONAPESCA;INAPESCA; Kg; 
Captura de,jaiba,en Colima (1956-2008),31,Captura; Colima; CONAPESCA;INAPESCA; Kg; 
Captura de,jurel,en Colima (1956-2008),43,Captura; Colima; CONAPESCA;INAPESCA; Kg; 
Captura de,langosta,en Colima (1956-2008),13,Captura; Colima; CONAPESCA;INAPESCA; Kg; 
Captura de,lebrancha,en Colima (1956-2008),25,Captura; Colima; CONAPESCA;INAPESCA; Kg; 
Captura de,lenguado,en Colima (1956-2008),9,Captura; Colima; CONAPESCA;INAPESCA; Kg; 
Captura de,lisa,en Colima (1956-2008),45,Captura; Colima; CONAPESCA;INAPESCA; Kg; 
Captura de,lucero,en Colima (1956-2008),2,Captura; Colima; CONAPESCA;INAPESCA; Kg; 
Captura de,macarela,en Colima (1956-2008),6,Captura; Colima; CONAPESCA;INAPESCA; Kg; 
Captura de,mero,en Colima (1956-2008),4,Captura; Colima; CONAPESCA;INAPESCA; Kg; 
Captura de,mojarra,en Colima (1956-2008),52,Captura; Colima; CONAPESCA;INAPESCA; Kg; 
Captura de,ostion,en Colima (1956-2008),20,Captura; Colima; CONAPESCA;INAPESCA; Kg; 
Captura de,"otras (pec,mol,crust)",en Colima (1956-2008),43,Captura; Colima; CONAPESCA;INAPESCA; Kg; 
Captura de,otros crustaceos,en Colima (1956-2008),5,Captura; Colima; CONAPESCA;INAPESCA; Kg; 
Captura de,otros moluscos,en Colima (1956-2008),8,Captura; Colima; CONAPESCA;INAPESCA; Kg; 
Captura de,otros peces,en Colima (1956-2008),11,Captura; Colima; CONAPESCA;INAPESCA; Kg; 
Captura de,pampano,en Colima (1956-2008),12,Captura; Colima; CONAPESCA;INAPESCA; Kg; 
Captura de,pargo,en Colima (1956-2008),52,Captura; Colima; CONAPESCA;INAPESCA; Kg; 
Captura de,"pesc seco,salpreso",en Colima (1956-2008),9,Captura; Colima; CONAPESCA;INAPESCA; Kg; 
Captura de,pulpo,en Colima (1956-2008),29,Captura; Colima; CONAPESCA;INAPESCA; Kg; 
Captura de,rayas,en Colima (1956-2008),16,Captura; Colima; CONAPESCA;INAPESCA; Kg; 
Captura de,robalo,en Colima (1956-2008),27,Captura; Colima; CONAPESCA;INAPESCA; Kg; 
Captura de,ronco,en Colima (1956-2008),33,Captura; Colima; CONAPESCA;INAPESCA; Kg; 
Captura de,sardina,en Colima (1956-2008),21,Captura; Colima; CONAPESCA;INAPESCA; Kg; 
Captura de,sierra,en Colima (1956-2008),48,Captura; Colima; CONAPESCA;INAPESCA; Kg; 
Captura de,tiburon,en Colima (1956-2008),43,Captura; Colima; CONAPESCA;INAPESCA; Kg; 
Captura de,almeja,en Michoacan (1956-2008),20,Captura; Michoacan; CONAPESCA;INAPESCA; Kg; 
Captura de,anchoveta,en Michoacan (1956-2008),2,Captura; Michoacan; CONAPESCA;INAPESCA; Kg; 
Captura de,atun,en Michoacan (1956-2008),2,Captura; Michoacan; CONAPESCA;INAPESCA; Kg; 
Captura de,bagre,en Michoacan (1956-2008),30,Captura; Michoacan; CONAPESCA;INAPESCA; Kg; 
Captura de,bandera,en Michoacan (1956-2008),22,Captura; Michoacan; CONAPESCA;INAPESCA; Kg; 
Captura de,baqueta,en Michoacan (1956-2008),5,Captura; Michoacan; CONAPESCA;INAPESCA; Kg; 
Captura de,barrilete,en Michoacan (1956-2008),13,Captura; Michoacan; CONAPESCA;INAPESCA; Kg; 
Captura de,berrugata,en Michoacan (1956-2008),2,Captura; Michoacan; CONAPESCA;INAPESCA; Kg; 
Captura de,camaron,en Michoacan (1956-2008),10,Captura; Michoacan; CONAPESCA;INAPESCA; Kg; 
Captura de,caracol (lapa),en Michoacan (1956-2008),2,Captura; Michoacan; CONAPESCA;INAPESCA; Kg; 
Captura de,cazon,en Michoacan (1956-2008),36,Captura; Michoacan; CONAPESCA;INAPESCA; Kg; 
Captura de,cocinero,en Michoacan (1956-2008),5,Captura; Michoacan; CONAPESCA;INAPESCA; Kg; 
Captura de,corvina,en Michoacan (1956-2008),21,Captura; Michoacan; CONAPESCA;INAPESCA; Kg; 
Captura de,chopa,en Michoacan (1956-2008),1,Captura; Michoacan; CONAPESCA;INAPESCA; Kg; 
Captura de,huachinango,en Michoacan (1956-2008),36,Captura; Michoacan; CONAPESCA;INAPESCA; Kg; 
Captura de,jaiba,en Michoacan (1956-2008),6,Captura; Michoacan; CONAPESCA;INAPESCA; Kg; 
Captura de,jurel,en Michoacan (1956-2008),30,Captura; Michoacan; CONAPESCA;INAPESCA; Kg; 
Captura de,langosta,en Michoacan (1956-2008),27,Captura; Michoacan; CONAPESCA;INAPESCA; Kg; 
Captura de,lenguado,en Michoacan (1956-2008),12,Captura; Michoacan; CONAPESCA;INAPESCA; Kg; 
Captura de,lisa,en Michoacan (1956-2008),26,Captura; Michoacan; CONAPESCA;INAPESCA; Kg; 
Captura de,mero,en Michoacan (1956-2008),12,Captura; Michoacan; CONAPESCA;INAPESCA; Kg; 
Captura de,mojarra,en Michoacan (1956-2008),34,Captura; Michoacan; CONAPESCA;INAPESCA; Kg; 
Captura de,ostion,en Michoacan (1956-2008),35,Captura; Michoacan; CONAPESCA;INAPESCA; Kg; 
Captura de,"otras (pec,mol,crust)",en Michoacan (1956-2008),43,Captura; Michoacan; CONAPESCA;INAPESCA; Kg; 
Captura de,otros crustaceos,en Michoacan (1956-2008),1,Captura; Michoacan; CONAPESCA;INAPESCA; Kg; 
Captura de,otros moluscos,en Michoacan (1956-2008),11,Captura; Michoacan; CONAPESCA;INAPESCA; Kg; 
Captura de,otros peces,en Michoacan (1956-2008),12,Captura; Michoacan; CONAPESCA;INAPESCA; Kg; 
Captura de,pampano,en Michoacan (1956-2008),12,Captura; Michoacan; CONAPESCA;INAPESCA; Kg; 
Captura de,pargo,en Michoacan (1956-2008),37,Captura; Michoacan; CONAPESCA;INAPESCA; Kg; 
Captura de,pulpo,en Michoacan (1956-2008),22,Captura; Michoacan; CONAPESCA;INAPESCA; Kg; 
Captura de,rayas,en Michoacan (1956-2008),13,Captura; Michoacan; CONAPESCA;INAPESCA; Kg; 
Captura de,robalo,en Michoacan (1956-2008),29,Captura; Michoacan; CONAPESCA;INAPESCA; Kg; 
Captura de,ronco,en Michoacan (1956-2008),29,Captura; Michoacan; CONAPESCA;INAPESCA; Kg; 
Captura de,sardina,en Michoacan (1956-2008),7,Captura; Michoacan; CONAPESCA;INAPESCA; Kg; 
Captura de,sierra,en Michoacan (1956-2008),29,Captura; Michoacan; CONAPESCA;INAPESCA; Kg; 
Captura de,tiburon,en Michoacan (1956-2008),40,Captura; Michoacan; CONAPESCA;INAPESCA; Kg; 
Captura de,almeja,en Guerrero (1956-2008),42,Captura; Guerrero; CONAPESCA;INAPESCA; Kg; 
Captura de,anchoveta,en Guerrero (1956-2008),2,Captura; Guerrero; CONAPESCA;INAPESCA; Kg; 
Captura de,atun,en Guerrero (1956-2008),20,Captura; Guerrero; CONAPESCA;INAPESCA; Kg; 
Captura de,bagre,en Guerrero (1956-2008),19,Captura; Guerrero; CONAPESCA;INAPESCA; Kg; 
Captura de,bandera (cuatete),en Guerrero (1956-2008),26,Captura; Guerrero; CONAPESCA;INAPESCA; Kg; 
Captura de,baqueta,en Guerrero (1956-2008),2,Captura; Guerrero; CONAPESCA;INAPESCA; Kg; 
Captura de,barrilete,en Guerrero (1956-2008),20,Captura; Guerrero; CONAPESCA;INAPESCA; Kg; 
Captura de,berrugata,en Guerrero (1956-2008),32,Captura; Guerrero; CONAPESCA;INAPESCA; Kg; 
Captura de,bonito,en Guerrero (1956-2008),2,Captura; Guerrero; CONAPESCA;INAPESCA; Kg; 
Captura de,cabrilla,en Guerrero (1956-2008),12,Captura; Guerrero; CONAPESCA;INAPESCA; Kg; 
Captura de,calamar,en Guerrero (1956-2008),8,Captura; Guerrero; CONAPESCA;INAPESCA; Kg; 
Captura de,camaron,en Guerrero (1956-2008),51,Captura; Guerrero; CONAPESCA;INAPESCA; Kg; 
Captura de,caracol,en Guerrero (1956-2008),28,Captura; Guerrero; CONAPESCA;INAPESCA; Kg; 
Captura de,cazon,en Guerrero (1956-2008),44,Captura; Guerrero; CONAPESCA;INAPESCA; Kg; 
Captura de,cocinero,en Guerrero (1956-2008),10,Captura; Guerrero; CONAPESCA;INAPESCA; Kg; 
Captura de,conejo,en Guerrero (1956-2008),1,Captura; Guerrero; CONAPESCA;INAPESCA; Kg; 
Captura de,corvina,en Guerrero (1956-2008),29,Captura; Guerrero; CONAPESCA;INAPESCA; Kg; 
Captura de,chivato,en Guerrero (1956-2008),2,Captura; Guerrero; CONAPESCA;INAPESCA; Kg; 
Captura de,chopa,en Guerrero (1956-2008),2,Captura; Guerrero; CONAPESCA;INAPESCA; Kg; 
Captura de,huachinango,en Guerrero (1956-2008),52,Captura; Guerrero; CONAPESCA;INAPESCA; Kg; 
Captura de,jaiba,en Guerrero (1956-2008),33,Captura; Guerrero; CONAPESCA;INAPESCA; Kg; 
Captura de,jurel,en Guerrero (1956-2008),34,Captura; Guerrero; CONAPESCA;INAPESCA; Kg; 
Captura de,langosta,en Guerrero (1956-2008),41,Captura; Guerrero; CONAPESCA;INAPESCA; Kg; 
Captura de,lenguado,en Guerrero (1956-2008),12,Captura; Guerrero; CONAPESCA;INAPESCA; Kg; 
Captura de,lisa,en Guerrero (1956-2008),40,Captura; Guerrero; CONAPESCA;INAPESCA; Kg; 
Captura de,mero,en Guerrero (1956-2008),14,Captura; Guerrero; CONAPESCA;INAPESCA; Kg; 
Captura de,mojarra,en Guerrero (1956-2008),47,Captura; Guerrero; CONAPESCA;INAPESCA; Kg; 
Captura de,ostion,en Guerrero (1956-2008),45,Captura; Guerrero; CONAPESCA;INAPESCA; Kg; 
Captura de,"otras (pec,mol,crust)",en Guerrero (1956-2008),43,Captura; Guerrero; CONAPESCA;INAPESCA; Kg; 
Captura de,otros crustaceos,en Guerrero (1956-2008),3,Captura; Guerrero; CONAPESCA;INAPESCA; Kg; 
Captura de,otros moluscos,en Guerrero (1956-2008),6,Captura; Guerrero; CONAPESCA;INAPESCA; Kg; 
Captura de,otros peces,en Guerrero (1956-2008),16,Captura; Guerrero; CONAPESCA;INAPESCA; Kg; 
Captura de,pampano,en Guerrero (1956-2008),14,Captura; Guerrero; CONAPESCA;INAPESCA; Kg; 
Captura de,pargo,en Guerrero (1956-2008),52,Captura; Guerrero; CONAPESCA;INAPESCA; Kg; 
Captura de,"pesc seco,salpreso",en Guerrero (1956-2008),3,Captura; Guerrero; CONAPESCA;INAPESCA; Kg; 
Captura de,pulpo,en Guerrero (1956-2008),28,Captura; Guerrero; CONAPESCA;INAPESCA; Kg; 
Captura de,rayas,en Guerrero (1956-2008),14,Captura; Guerrero; CONAPESCA;INAPESCA; Kg; 
Captura de,robalo,en Guerrero (1956-2008),43,Captura; Guerrero; CONAPESCA;INAPESCA; Kg; 
Captura de,ronco,en Guerrero (1956-2008),32,Captura; Guerrero; CONAPESCA;INAPESCA; Kg; 
Captura de,rubia (villajaiba),en Guerrero (1956-2008),1,Captura; Guerrero; CONAPESCA;INAPESCA; Kg; 
Captura de,sardina,en Guerrero (1956-2008),2,Captura; Guerrero; CONAPESCA;INAPESCA; Kg; 
Captura de,sierra,en Guerrero (1956-2008),45,Captura; Guerrero; CONAPESCA;INAPESCA; Kg; 
Captura de,tiburon,en Guerrero (1956-2008),42,Captura; Guerrero; CONAPESCA;INAPESCA; Kg; 
Captura de,almeja,en Oaxaca (1956-2008),14,Captura; Oaxaca; CONAPESCA;INAPESCA; Kg; 
Captura de,anchoveta,en Oaxaca (1956-2008),2,Captura; Oaxaca; CONAPESCA;INAPESCA; Kg; 
Captura de,atun,en Oaxaca (1956-2008),23,Captura; Oaxaca; CONAPESCA;INAPESCA; Kg; 
Captura de,bagre,en Oaxaca (1956-2008),29,Captura; Oaxaca; CONAPESCA;INAPESCA; Kg; 
Captura de,bandera,en Oaxaca (1956-2008),24,Captura; Oaxaca; CONAPESCA;INAPESCA; Kg; 
Captura de,baqueta,en Oaxaca (1956-2008),14,Captura; Oaxaca; CONAPESCA;INAPESCA; Kg; 
Captura de,barrilete,en Oaxaca (1956-2008),42,Captura; Oaxaca; CONAPESCA;INAPESCA; Kg; 
Captura de,berrugata,en Oaxaca (1956-2008),23,Captura; Oaxaca; CONAPESCA;INAPESCA; Kg; 
Captura de,bonito,en Oaxaca (1956-2008),20,Captura; Oaxaca; CONAPESCA;INAPESCA; Kg; 
Captura de,cabrilla,en Oaxaca (1956-2008),8,Captura; Oaxaca; CONAPESCA;INAPESCA; Kg; 
Captura de,calamar,en Oaxaca (1956-2008),19,Captura; Oaxaca; CONAPESCA;INAPESCA; Kg; 
Captura de,camaron,en Oaxaca (1956-2008),52,Captura; Oaxaca; CONAPESCA;INAPESCA; Kg; 
Captura de,caracol,en Oaxaca (1956-2008),29,Captura; Oaxaca; CONAPESCA;INAPESCA; Kg; 
Captura de,cazon,en Oaxaca (1956-2008),29,Captura; Oaxaca; CONAPESCA;INAPESCA; Kg; 
Captura de,cocinero,en Oaxaca (1956-2008),7,Captura; Oaxaca; CONAPESCA;INAPESCA; Kg; 
Captura de,corvina,en Oaxaca (1956-2008),52,Captura; Oaxaca; CONAPESCA;INAPESCA; Kg; 
Captura de,esmedregal,en Oaxaca (1956-2008),14,Captura; Oaxaca; CONAPESCA;INAPESCA; Kg; 
Captura de,huachinango,en Oaxaca (1956-2008),41,Captura; Oaxaca; CONAPESCA;INAPESCA; Kg; 
Captura de,jaiba,en Oaxaca (1956-2008),22,Captura; Oaxaca; CONAPESCA;INAPESCA; Kg; 
Captura de,jurel,en Oaxaca (1956-2008),31,Captura; Oaxaca; CONAPESCA;INAPESCA; Kg; 
Captura de,langosta,en Oaxaca (1956-2008),28,Captura; Oaxaca; CONAPESCA;INAPESCA; Kg; 
Captura de,lebrancha,en Oaxaca (1956-2008),8,Captura; Oaxaca; CONAPESCA;INAPESCA; Kg; 
Captura de,lenguado,en Oaxaca (1956-2008),14,Captura; Oaxaca; CONAPESCA;INAPESCA; Kg; 
Captura de,lisa,en Oaxaca (1956-2008),43,Captura; Oaxaca; CONAPESCA;INAPESCA; Kg; 
Captura de,mero,en Oaxaca (1956-2008),17,Captura; Oaxaca; CONAPESCA;INAPESCA; Kg; 
Captura de,mojarra,en Oaxaca (1956-2008),44,Captura; Oaxaca; CONAPESCA;INAPESCA; Kg; 
Captura de,ostion,en Oaxaca (1956-2008),32,Captura; Oaxaca; CONAPESCA;INAPESCA; Kg; 
Captura de,"otras (pec,mol,crust)",en Oaxaca (1956-2008),43,Captura; Oaxaca; CONAPESCA;INAPESCA; Kg; 
Captura de,otros crustaceos,en Oaxaca (1956-2008),4,Captura; Oaxaca; CONAPESCA;INAPESCA; Kg; 
Captura de,otros moluscos,en Oaxaca (1956-2008),5,Captura; Oaxaca; CONAPESCA;INAPESCA; Kg; 
Captura de,otros peces,en Oaxaca (1956-2008),19,Captura; Oaxaca; CONAPESCA;INAPESCA; Kg; 
Captura de,pampano,en Oaxaca (1956-2008),12,Captura; Oaxaca; CONAPESCA;INAPESCA; Kg; 
Captura de,pargo,en Oaxaca (1956-2008),35,Captura; Oaxaca; CONAPESCA;INAPESCA; Kg; 
Captura de,"pesc seco,salpreso",en Oaxaca (1956-2008),12,Captura; Oaxaca; CONAPESCA;INAPESCA; Kg; 
Captura de,pierna,en Oaxaca (1956-2008),7,Captura; Oaxaca; CONAPESCA;INAPESCA; Kg; 
Captura de,pulpo,en Oaxaca (1956-2008),25,Captura; Oaxaca; CONAPESCA;INAPESCA; Kg; 
Captura de,rayas,en Oaxaca (1956-2008),12,Captura; Oaxaca; CONAPESCA;INAPESCA; Kg; 
Captura de,robalo,en Oaxaca (1956-2008),36,Captura; Oaxaca; CONAPESCA;INAPESCA; Kg; 
Captura de,ronco,en Oaxaca (1956-2008),30,Captura; Oaxaca; CONAPESCA;INAPESCA; Kg; 
Captura de,sabalo,en Oaxaca (1956-2008),7,Captura; Oaxaca; CONAPESCA;INAPESCA; Kg; 
Captura de,sardina,en Oaxaca (1956-2008),12,Captura; Oaxaca; CONAPESCA;INAPESCA; Kg; 
Captura de,sierra,en Oaxaca (1956-2008),28,Captura; Oaxaca; CONAPESCA;INAPESCA; Kg; 
Captura de,tiburon,en Oaxaca (1956-2008),40,Captura; Oaxaca; CONAPESCA;INAPESCA; Kg; 
Captura de,almeja,en Chiapas (1956-2008),9,Captura; Chiapas; CONAPESCA;INAPESCA; Kg; 
Captura de,anchoveta,en Chiapas (1956-2008),11,Captura; Chiapas; CONAPESCA;INAPESCA; Kg; 
Captura de,atun,en Chiapas (1956-2008),20,Captura; Chiapas; CONAPESCA;INAPESCA; Kg; 
Captura de,bagre,en Chiapas (1956-2008),44,Captura; Chiapas; CONAPESCA;INAPESCA; Kg; 
Captura de,bandera,en Chiapas (1956-2008),13,Captura; Chiapas; CONAPESCA;INAPESCA; Kg; 
Captura de,barrilete,en Chiapas (1956-2008),24,Captura; Chiapas; CONAPESCA;INAPESCA; Kg; 
Captura de,berrugata,en Chiapas (1956-2008),18,Captura; Chiapas; CONAPESCA;INAPESCA; Kg; 
Captura de,besugo,en Chiapas (1956-2008),16,Captura; Chiapas; CONAPESCA;INAPESCA; Kg; 
Captura de,calamar,en Chiapas (1956-2008),5,Captura; Chiapas; CONAPESCA;INAPESCA; Kg; 
Captura de,camaron,en Chiapas (1956-2008),52,Captura; Chiapas; CONAPESCA;INAPESCA; Kg; 
Captura de,caracol,en Chiapas (1956-2008),15,Captura; Chiapas; CONAPESCA;INAPESCA; Kg; 
Captura de,cazon,en Chiapas (1956-2008),25,Captura; Chiapas; CONAPESCA;INAPESCA; Kg; 
Captura de,corvina,en Chiapas (1956-2008),22,Captura; Chiapas; CONAPESCA;INAPESCA; Kg; 
Captura de,chucumite (robalo),en Chiapas (1956-2008),4,Captura; Chiapas; CONAPESCA;INAPESCA; Kg; 
Captura de,huachinango,en Chiapas (1956-2008),22,Captura; Chiapas; CONAPESCA;INAPESCA; Kg; 
Captura de,jaiba,en Chiapas (1956-2008),29,Captura; Chiapas; CONAPESCA;INAPESCA; Kg; 
Captura de,jurel,en Chiapas (1956-2008),30,Captura; Chiapas; CONAPESCA;INAPESCA; Kg; 
Captura de,lebrancha,en Chiapas (1956-2008),20,Captura; Chiapas; CONAPESCA;INAPESCA; Kg; 
Captura de,lenguado,en Chiapas (1956-2008),6,Captura; Chiapas; CONAPESCA;INAPESCA; Kg; 
Captura de,lisa,en Chiapas (1956-2008),45,Captura; Chiapas; CONAPESCA;INAPESCA; Kg; 
Captura de,macabi,en Chiapas (1956-2008),3,Captura; Chiapas; CONAPESCA;INAPESCA; Kg; 
Captura de,macarela,en Chiapas (1956-2008),1,Captura; Chiapas; CONAPESCA;INAPESCA; Kg; 
Captura de,manjua (anchoveta),en Chiapas (1956-2008),17,Captura; Chiapas; CONAPESCA;INAPESCA; Kg; 
Captura de,mero,en Chiapas (1956-2008),25,Captura; Chiapas; CONAPESCA;INAPESCA; Kg; 
Captura de,mojarra,en Chiapas (1956-2008),52,Captura; Chiapas; CONAPESCA;INAPESCA; Kg; 
Captura de,"otras (pec,mol,crust)",en Chiapas (1956-2008),43,Captura; Chiapas; CONAPESCA;INAPESCA; Kg; 
Captura de,otros crustaceos,en Chiapas (1956-2008),3,Captura; Chiapas; CONAPESCA;INAPESCA; Kg; 
Captura de,otros moluscos,en Chiapas (1956-2008),2,Captura; Chiapas; CONAPESCA;INAPESCA; Kg; 
Captura de,otros peces,en Chiapas (1956-2008),16,Captura; Chiapas; CONAPESCA;INAPESCA; Kg; 
Captura de,pampano,en Chiapas (1956-2008),3,Captura; Chiapas; CONAPESCA;INAPESCA; Kg; 
Captura de,pargo,en Chiapas (1956-2008),41,Captura; Chiapas; CONAPESCA;INAPESCA; Kg; 
Captura de,"pesc seco,salpreso",en Chiapas (1956-2008),12,Captura; Chiapas; CONAPESCA;INAPESCA; Kg; 
Captura de,pulpo,en Chiapas (1956-2008),3,Captura; Chiapas; CONAPESCA;INAPESCA; Kg; 
Captura de,rayas,en Chiapas (1956-2008),12,Captura; Chiapas; CONAPESCA;INAPESCA; Kg; 
Captura de,robalo,en Chiapas (1956-2008),52,Captura; Chiapas; CONAPESCA;INAPESCA; Kg; 
Captura de,ronco,en Chiapas (1956-2008),20,Captura; Chiapas; CONAPESCA;INAPESCA; Kg; 
Captura de,sabalo ,en Chiapas (1956-2008),8,Captura; Chiapas; CONAPESCA;INAPESCA; Kg; 
Captura de,sardina,en Chiapas (1956-2008),2,Captura; Chiapas; CONAPESCA;INAPESCA; Kg; 
Captura de,sierra,en Chiapas (1956-2008),28,Captura; Chiapas; CONAPESCA;INAPESCA; Kg; 
Captura de,tiburon,en Chiapas (1956-2008),40,Captura; Chiapas; CONAPESCA;INAPESCA; Kg; 
Captura Total,(pesca),en Baja California (1956-2008),53,
Captura Total,(pesca),en Baja California Sur (1956-2008),53,
Captura Total,(pesca),en Chiapas (1956-2008),53,
Captura Total,(pesca),en Guerrero (1956-2008),53,
Captura Total,(pesca),en Michoacan (1956-2008),53,
Captura Total,(pesca),en Oaxaca (1956-2008),53,
Captura Total,(pesca),en Colima (1956-2008),53,
Captura Total,(pesca),en Jalisco (1956-2008),53,
Captura Total,(pesca),en Sinaloa (1956-2008),53,
Captura Total,(pesca),en Sonora (1956-2008),53,
Captura Total,(pesca),en Nayarit (1956-2008),53,
,,,,