"","Titulo","Especie","Fin","Data_Points","Key","Titulo_C"
"1","Captura de","abulon","en Baja California (1956-2008)",53,"Captura; Baja; California; CONAPESCA;INAPESCA; Kg; abulon","Captura de abulon en Baja California (1956-2008)"
"2","Captura de","algas","en Baja California (1956-2008)",53,"Captura; Baja; California; CONAPESCA;INAPESCA; Kg; algas","Captura de algas en Baja California (1956-2008)"
"3","Captura de","almeja","en Baja California (1956-2008)",43,"Captura; Baja; California; CONAPESCA;INAPESCA; Kg; almeja","Captura de almeja en Baja California (1956-2008)"
"4","Captura de","anchoveta","en Baja California (1956-2008)",41,"Captura; Baja; California; CONAPESCA;INAPESCA; Kg; anchoveta","Captura de anchoveta en Baja California (1956-2008)"
"5","Captura de","atun","en Baja California (1956-2008)",52,"Captura; Baja; California; CONAPESCA;INAPESCA; Kg; atun","Captura de atun en Baja California (1956-2008)"
"6","Captura de","bagre","en Baja California (1956-2008)",22,"Captura; Baja; California; CONAPESCA;INAPESCA; Kg; bagre","Captura de bagre en Baja California (1956-2008)"
"7","Captura de","baqueta","en Baja California (1956-2008)",24,"Captura; Baja; California; CONAPESCA;INAPESCA; Kg; baqueta","Captura de baqueta en Baja California (1956-2008)"
"8","Captura de","barracuda","en Baja California (1956-2008)",2,"Captura; Baja; California; CONAPESCA;INAPESCA; Kg; barracuda","Captura de barracuda en Baja California (1956-2008)"
"9","Captura de","barrilete","en Baja California (1956-2008)",43,"Captura; Baja; California; CONAPESCA;INAPESCA; Kg; barrilete","Captura de barrilete en Baja California (1956-2008)"
"10","Captura de","berrugata","en Baja California (1956-2008)",15,"Captura; Baja; California; CONAPESCA;INAPESCA; Kg; berrugata","Captura de berrugata en Baja California (1956-2008)"
"11","Captura de","bonito","en Baja California (1956-2008)",44,"Captura; Baja; California; CONAPESCA;INAPESCA; Kg; bonito","Captura de bonito en Baja California (1956-2008)"
"12","Captura de","cabrilla","en Baja California (1956-2008)",15,"Captura; Baja; California; CONAPESCA;INAPESCA; Kg; cabrilla","Captura de cabrilla en Baja California (1956-2008)"
"13","Captura de","calamar","en Baja California (1956-2008)",19,"Captura; Baja; California; CONAPESCA;INAPESCA; Kg; calamar","Captura de calamar en Baja California (1956-2008)"
"14","Captura de","camaron","en Baja California (1956-2008)",53,"Captura; Baja; California; CONAPESCA;INAPESCA; Kg; camaron","Captura de camaron en Baja California (1956-2008)"
"15","Captura de","caracol","en Baja California (1956-2008)",21,"Captura; Baja; California; CONAPESCA;INAPESCA; Kg; caracol","Captura de caracol en Baja California (1956-2008)"
"16","Captura de","cazon","en Baja California (1956-2008)",22,"Captura; Baja; California; CONAPESCA;INAPESCA; Kg; cazon","Captura de cazon en Baja California (1956-2008)"
"17","Captura de","cocinero","en Baja California (1956-2008)",4,"Captura; Baja; California; CONAPESCA;INAPESCA; Kg; cocinero","Captura de cocinero en Baja California (1956-2008)"
"18","Captura de","conejo","en Baja California (1956-2008)",1,"Captura; Baja; California; CONAPESCA;INAPESCA; Kg; conejo","Captura de conejo en Baja California (1956-2008)"
"19","Captura de","corvina","en Baja California (1956-2008)",31,"Captura; Baja; California; CONAPESCA;INAPESCA; Kg; corvina","Captura de corvina en Baja California (1956-2008)"
"20","Captura de","choro (molusco)","en Baja California (1956-2008)",16,"Captura; Baja; California; CONAPESCA;INAPESCA; Kg; choro (molusco)","Captura de choro (molusco) en Baja California (1956-2008)"
"21","Captura de","erizo","en Baja California (1956-2008)",29,"Captura; Baja; California; CONAPESCA;INAPESCA; Kg; erizo","Captura de erizo en Baja California (1956-2008)"
"22","Captura de","huachinango","en Baja California (1956-2008)",18,"Captura; Baja; California; CONAPESCA;INAPESCA; Kg; huachinango","Captura de huachinango en Baja California (1956-2008)"
"23","Captura de","jaiba","en Baja California (1956-2008)",25,"Captura; Baja; California; CONAPESCA;INAPESCA; Kg; jaiba","Captura de jaiba en Baja California (1956-2008)"
"24","Captura de","jurel","en Baja California (1956-2008)",47,"Captura; Baja; California; CONAPESCA;INAPESCA; Kg; jurel","Captura de jurel en Baja California (1956-2008)"
"25","Captura de","langosta","en Baja California (1956-2008)",53,"Captura; Baja; California; CONAPESCA;INAPESCA; Kg; langosta","Captura de langosta en Baja California (1956-2008)"
"26","Captura de","lebrancha","en Baja California (1956-2008)",5,"Captura; Baja; California; CONAPESCA;INAPESCA; Kg; lebrancha","Captura de lebrancha en Baja California (1956-2008)"
"27","Captura de","lenguado","en Baja California (1956-2008)",21,"Captura; Baja; California; CONAPESCA;INAPESCA; Kg; lenguado","Captura de lenguado en Baja California (1956-2008)"
"28","Captura de","lisa","en Baja California (1956-2008)",28,"Captura; Baja; California; CONAPESCA;INAPESCA; Kg; lisa","Captura de lisa en Baja California (1956-2008)"
"29","Captura de","macarela","en Baja California (1956-2008)",49,"Captura; Baja; California; CONAPESCA;INAPESCA; Kg; macarela","Captura de macarela en Baja California (1956-2008)"
"30","Captura de","mero","en Baja California (1956-2008)",32,"Captura; Baja; California; CONAPESCA;INAPESCA; Kg; mero","Captura de mero en Baja California (1956-2008)"
"31","Captura de","mojarra","en Baja California (1956-2008)",23,"Captura; Baja; California; CONAPESCA;INAPESCA; Kg; mojarra","Captura de mojarra en Baja California (1956-2008)"
"32","Captura de","ostion","en Baja California (1956-2008)",27,"Captura; Baja; California; CONAPESCA;INAPESCA; Kg; ostion","Captura de ostion en Baja California (1956-2008)"
"33","Captura de","otras (pec,mol,crust)","en Baja California (1956-2008)",44,"Captura; Baja; California; CONAPESCA;INAPESCA; Kg; otras (pec,mol,crust)","Captura de otras (pec,mol,crust) en Baja California (1956-2008)"
"34","Captura de","otros crustaceos","en Baja California (1956-2008)",4,"Captura; Baja; California; CONAPESCA;INAPESCA; Kg; otros crustaceos","Captura de otros crustaceos en Baja California (1956-2008)"
"35","Captura de","otros moluscos","en Baja California (1956-2008)",6,"Captura; Baja; California; CONAPESCA;INAPESCA; Kg; otros moluscos","Captura de otros moluscos en Baja California (1956-2008)"
"36","Captura de","otros peces","en Baja California (1956-2008)",12,"Captura; Baja; California; CONAPESCA;INAPESCA; Kg; otros peces","Captura de otros peces en Baja California (1956-2008)"
"37","Captura de","pampano","en Baja California (1956-2008)",10,"Captura; Baja; California; CONAPESCA;INAPESCA; Kg; pampano","Captura de pampano en Baja California (1956-2008)"
"38","Captura de","pargo","en Baja California (1956-2008)",20,"Captura; Baja; California; CONAPESCA;INAPESCA; Kg; pargo","Captura de pargo en Baja California (1956-2008)"
"39","Captura de","pesc seco,salpreso","en Baja California (1956-2008)",2,"Captura; Baja; California; CONAPESCA;INAPESCA; Kg; pesc seco,salpreso","Captura de pesc seco,salpreso en Baja California (1956-2008)"
"40","Captura de","peto","en Baja California (1956-2008)",1,"Captura; Baja; California; CONAPESCA;INAPESCA; Kg; peto","Captura de peto en Baja California (1956-2008)"
"41","Captura de","pierna","en Baja California (1956-2008)",6,"Captura; Baja; California; CONAPESCA;INAPESCA; Kg; pierna","Captura de pierna en Baja California (1956-2008)"
"42","Captura de","pulpo","en Baja California (1956-2008)",23,"Captura; Baja; California; CONAPESCA;INAPESCA; Kg; pulpo","Captura de pulpo en Baja California (1956-2008)"
"43","Captura de","rayas","en Baja California (1956-2008)",12,"Captura; Baja; California; CONAPESCA;INAPESCA; Kg; rayas","Captura de rayas en Baja California (1956-2008)"
"44","Captura de","ronco","en Baja California (1956-2008)",24,"Captura; Baja; California; CONAPESCA;INAPESCA; Kg; ronco","Captura de ronco en Baja California (1956-2008)"
"45","Captura de","sardina","en Baja California (1956-2008)",53,"Captura; Baja; California; CONAPESCA;INAPESCA; Kg; sardina","Captura de sardina en Baja California (1956-2008)"
"46","Captura de","sierra","en Baja California (1956-2008)",22,"Captura; Baja; California; CONAPESCA;INAPESCA; Kg; sierra","Captura de sierra en Baja California (1956-2008)"
"47","Captura de","tiburon","en Baja California (1956-2008)",39,"Captura; Baja; California; CONAPESCA;INAPESCA; Kg; tiburon","Captura de tiburon en Baja California (1956-2008)"
"48","Captura de","abulon","en Baja California Sur (1956-2008)",29,"Captura; Baja; California; Sur; CONAPESCA;INAPESCA; Kg; abulon","Captura de abulon en Baja California Sur (1956-2008)"
"49","Captura de","algas","en Baja California Sur (1956-2008)",38,"Captura; Baja; California; Sur; CONAPESCA;INAPESCA; Kg; algas","Captura de algas en Baja California Sur (1956-2008)"
"50","Captura de","almeja","en Baja California Sur (1956-2008)",53,"Captura; Baja; California; Sur; CONAPESCA;INAPESCA; Kg; almeja","Captura de almeja en Baja California Sur (1956-2008)"
"51","Captura de","atun","en Baja California Sur (1956-2008)",3,"Captura; Baja; California; Sur; CONAPESCA;INAPESCA; Kg; atun","Captura de atun en Baja California Sur (1956-2008)"
"52","Captura de","bacoco","en Baja California Sur (1956-2008)",3,"Captura; Baja; California; Sur; CONAPESCA;INAPESCA; Kg; bacoco","Captura de bacoco en Baja California Sur (1956-2008)"
"53","Captura de","bagre","en Baja California Sur (1956-2008)",11,"Captura; Baja; California; Sur; CONAPESCA;INAPESCA; Kg; bagre","Captura de bagre en Baja California Sur (1956-2008)"
"54","Captura de","bandera","en Baja California Sur (1956-2008)",15,"Captura; Baja; California; Sur; CONAPESCA;INAPESCA; Kg; bandera","Captura de bandera en Baja California Sur (1956-2008)"
"55","Captura de","baqueta","en Baja California Sur (1956-2008)",53,"Captura; Baja; California; Sur; CONAPESCA;INAPESCA; Kg; baqueta","Captura de baqueta en Baja California Sur (1956-2008)"
"56","Captura de","barrilete","en Baja California Sur (1956-2008)",19,"Captura; Baja; California; Sur; CONAPESCA;INAPESCA; Kg; barrilete","Captura de barrilete en Baja California Sur (1956-2008)"
"57","Captura de","berrugata","en Baja California Sur (1956-2008)",34,"Captura; Baja; California; Sur; CONAPESCA;INAPESCA; Kg; berrugata","Captura de berrugata en Baja California Sur (1956-2008)"
"58","Captura de","bonito","en Baja California Sur (1956-2008)",31,"Captura; Baja; California; Sur; CONAPESCA;INAPESCA; Kg; bonito","Captura de bonito en Baja California Sur (1956-2008)"
"59","Captura de","cabrilla","en Baja California Sur (1956-2008)",17,"Captura; Baja; California; Sur; CONAPESCA;INAPESCA; Kg; cabrilla","Captura de cabrilla en Baja California Sur (1956-2008)"
"60","Captura de","calamar","en Baja California Sur (1956-2008)",53,"Captura; Baja; California; Sur; CONAPESCA;INAPESCA; Kg; calamar","Captura de calamar en Baja California Sur (1956-2008)"
"61","Captura de","camaron","en Baja California Sur (1956-2008)",30,"Captura; Baja; California; Sur; CONAPESCA;INAPESCA; Kg; camaron","Captura de camaron en Baja California Sur (1956-2008)"
"62","Captura de","caracol","en Baja California Sur (1956-2008)",37,"Captura; Baja; California; Sur; CONAPESCA;INAPESCA; Kg; caracol","Captura de caracol en Baja California Sur (1956-2008)"
"63","Captura de","cazon","en Baja California Sur (1956-2008)",32,"Captura; Baja; California; Sur; CONAPESCA;INAPESCA; Kg; cazon","Captura de cazon en Baja California Sur (1956-2008)"
"64","Captura de","corvina","en Baja California Sur (1956-2008)",1,"Captura; Baja; California; Sur; CONAPESCA;INAPESCA; Kg; corvina","Captura de corvina en Baja California Sur (1956-2008)"
"65","Captura de","chopa","en Baja California Sur (1956-2008)",8,"Captura; Baja; California; Sur; CONAPESCA;INAPESCA; Kg; chopa","Captura de chopa en Baja California Sur (1956-2008)"
"66","Captura de","erizo","en Baja California Sur (1956-2008)",7,"Captura; Baja; California; Sur; CONAPESCA;INAPESCA; Kg; erizo","Captura de erizo en Baja California Sur (1956-2008)"
"67","Captura de","garropa","en Baja California Sur (1956-2008)",5,"Captura; Baja; California; Sur; CONAPESCA;INAPESCA; Kg; garropa","Captura de garropa en Baja California Sur (1956-2008)"
"68","Captura de","gurrubata","en Baja California Sur (1956-2008)",43,"Captura; Baja; California; Sur; CONAPESCA;INAPESCA; Kg; gurrubata","Captura de gurrubata en Baja California Sur (1956-2008)"
"69","Captura de","huachinango","en Baja California Sur (1956-2008)",23,"Captura; Baja; California; Sur; CONAPESCA;INAPESCA; Kg; huachinango","Captura de huachinango en Baja California Sur (1956-2008)"
"70","Captura de","jaiba","en Baja California Sur (1956-2008)",45,"Captura; Baja; California; Sur; CONAPESCA;INAPESCA; Kg; jaiba","Captura de jaiba en Baja California Sur (1956-2008)"
"71","Captura de","jurel","en Baja California Sur (1956-2008)",53,"Captura; Baja; California; Sur; CONAPESCA;INAPESCA; Kg; jurel","Captura de jurel en Baja California Sur (1956-2008)"
"72","Captura de","langosta","en Baja California Sur (1956-2008)",13,"Captura; Baja; California; Sur; CONAPESCA;INAPESCA; Kg; langosta","Captura de langosta en Baja California Sur (1956-2008)"
"73","Captura de","lenguado","en Baja California Sur (1956-2008)",31,"Captura; Baja; California; Sur; CONAPESCA;INAPESCA; Kg; lenguado","Captura de lenguado en Baja California Sur (1956-2008)"
"74","Captura de","lisa","en Baja California Sur (1956-2008)",1,"Captura; Baja; California; Sur; CONAPESCA;INAPESCA; Kg; lisa","Captura de lisa en Baja California Sur (1956-2008)"
"75","Captura de","lucero","en Baja California Sur (1956-2008)",27,"Captura; Baja; California; Sur; CONAPESCA;INAPESCA; Kg; lucero","Captura de lucero en Baja California Sur (1956-2008)"
"76","Captura de","macarela","en Baja California Sur (1956-2008)",33,"Captura; Baja; California; Sur; CONAPESCA;INAPESCA; Kg; macarela","Captura de macarela en Baja California Sur (1956-2008)"
"77","Captura de","mero","en Baja California Sur (1956-2008)",24,"Captura; Baja; California; Sur; CONAPESCA;INAPESCA; Kg; mero","Captura de mero en Baja California Sur (1956-2008)"
"78","Captura de","mojarra","en Baja California Sur (1956-2008)",29,"Captura; Baja; California; Sur; CONAPESCA;INAPESCA; Kg; mojarra","Captura de mojarra en Baja California Sur (1956-2008)"
"79","Captura de","ostion","en Baja California Sur (1956-2008)",44,"Captura; Baja; California; Sur; CONAPESCA;INAPESCA; Kg; ostion","Captura de ostion en Baja California Sur (1956-2008)"
"80","Captura de","otras (pec,mol,crust)","en Baja California Sur (1956-2008)",3,"Captura; Baja; California; Sur; CONAPESCA;INAPESCA; Kg; otras (pec,mol,crust)","Captura de otras (pec,mol,crust) en Baja California Sur (1956-2008)"
"81","Captura de","otros crustaceos","en Baja California Sur (1956-2008)",6,"Captura; Baja; California; Sur; CONAPESCA;INAPESCA; Kg; otros crustaceos","Captura de otros crustaceos en Baja California Sur (1956-2008)"
"82","Captura de","otros moluscos","en Baja California Sur (1956-2008)",10,"Captura; Baja; California; Sur; CONAPESCA;INAPESCA; Kg; otros moluscos","Captura de otros moluscos en Baja California Sur (1956-2008)"
"83","Captura de","otros peces","en Baja California Sur (1956-2008)",12,"Captura; Baja; California; Sur; CONAPESCA;INAPESCA; Kg; otros peces","Captura de otros peces en Baja California Sur (1956-2008)"
"84","Captura de","pampano","en Baja California Sur (1956-2008)",38,"Captura; Baja; California; Sur; CONAPESCA;INAPESCA; Kg; pampano","Captura de pampano en Baja California Sur (1956-2008)"
"85","Captura de","pargo","en Baja California Sur (1956-2008)",12,"Captura; Baja; California; Sur; CONAPESCA;INAPESCA; Kg; pargo","Captura de pargo en Baja California Sur (1956-2008)"
"86","Captura de","pesc seco,salpreso","en Baja California Sur (1956-2008)",18,"Captura; Baja; California; Sur; CONAPESCA;INAPESCA; Kg; pesc seco,salpreso","Captura de pesc seco,salpreso en Baja California Sur (1956-2008)"
"87","Captura de","pierna","en Baja California Sur (1956-2008)",23,"Captura; Baja; California; Sur; CONAPESCA;INAPESCA; Kg; pierna","Captura de pierna en Baja California Sur (1956-2008)"
"88","Captura de","pulpo","en Baja California Sur (1956-2008)",16,"Captura; Baja; California; Sur; CONAPESCA;INAPESCA; Kg; pulpo","Captura de pulpo en Baja California Sur (1956-2008)"
"89","Captura de","rayas","en Baja California Sur (1956-2008)",20,"Captura; Baja; California; Sur; CONAPESCA;INAPESCA; Kg; rayas","Captura de rayas en Baja California Sur (1956-2008)"
"90","Captura de","robalo","en Baja California Sur (1956-2008)",21,"Captura; Baja; California; Sur; CONAPESCA;INAPESCA; Kg; robalo","Captura de robalo en Baja California Sur (1956-2008)"
"91","Captura de","ronco","en Baja California Sur (1956-2008)",50,"Captura; Baja; California; Sur; CONAPESCA;INAPESCA; Kg; ronco","Captura de ronco en Baja California Sur (1956-2008)"
"92","Captura de","sardina","en Baja California Sur (1956-2008)",13,"Captura; Baja; California; Sur; CONAPESCA;INAPESCA; Kg; sardina","Captura de sardina en Baja California Sur (1956-2008)"
"93","Captura de","sargazos","en Baja California Sur (1956-2008)",38,"Captura; Baja; California; Sur; CONAPESCA;INAPESCA; Kg; sargazos","Captura de sargazos en Baja California Sur (1956-2008)"
"94","Captura de","sierra","en Baja California Sur (1956-2008)",42,"Captura; Baja; California; Sur; CONAPESCA;INAPESCA; Kg; sierra","Captura de sierra en Baja California Sur (1956-2008)"
"95","Captura de","tiburon","en Baja California Sur (1956-2008)",53,"Captura; Baja; California; Sur; CONAPESCA;INAPESCA; Kg; tiburon","Captura de tiburon en Baja California Sur (1956-2008)"
"96","Captura de","almeja","en Sonora (1956-2008)",37,"Captura; Sonora; CONAPESCA;INAPESCA; Kg; almeja","Captura de almeja en Sonora (1956-2008)"
"97","Captura de","atun","en Sonora (1956-2008)",16,"Captura; Sonora; CONAPESCA;INAPESCA; Kg; atun","Captura de atun en Sonora (1956-2008)"
"98","Captura de","bacoco","en Sonora (1956-2008)",1,"Captura; Sonora; CONAPESCA;INAPESCA; Kg; bacoco","Captura de bacoco en Sonora (1956-2008)"
"99","Captura de","bagre","en Sonora (1956-2008)",21,"Captura; Sonora; CONAPESCA;INAPESCA; Kg; bagre","Captura de bagre en Sonora (1956-2008)"
"100","Captura de","bandera","en Sonora (1956-2008)",20,"Captura; Sonora; CONAPESCA;INAPESCA; Kg; bandera","Captura de bandera en Sonora (1956-2008)"
"101","Captura de","baqueta","en Sonora (1956-2008)",29,"Captura; Sonora; CONAPESCA;INAPESCA; Kg; baqueta","Captura de baqueta en Sonora (1956-2008)"
"102","Captura de","barrilete","en Sonora (1956-2008)",16,"Captura; Sonora; CONAPESCA;INAPESCA; Kg; barrilete","Captura de barrilete en Sonora (1956-2008)"
"103","Captura de","berrugata","en Sonora (1956-2008)",18,"Captura; Sonora; CONAPESCA;INAPESCA; Kg; berrugata","Captura de berrugata en Sonora (1956-2008)"
"104","Captura de","bonito","en Sonora (1956-2008)",2,"Captura; Sonora; CONAPESCA;INAPESCA; Kg; bonito","Captura de bonito en Sonora (1956-2008)"
"105","Captura de","cabaicucho","en Sonora (1956-2008)",14,"Captura; Sonora; CONAPESCA;INAPESCA; Kg; cabaicucho","Captura de cabaicucho en Sonora (1956-2008)"
"106","Captura de","caballo","en Sonora (1956-2008)",2,"Captura; Sonora; CONAPESCA;INAPESCA; Kg; caballo","Captura de caballo en Sonora (1956-2008)"
"107","Captura de","cabrilla","en Sonora (1956-2008)",38,"Captura; Sonora; CONAPESCA;INAPESCA; Kg; cabrilla","Captura de cabrilla en Sonora (1956-2008)"
"108","Captura de","calamar","en Sonora (1956-2008)",27,"Captura; Sonora; CONAPESCA;INAPESCA; Kg; calamar","Captura de calamar en Sonora (1956-2008)"
"109","Captura de","callo de hacha","en Sonora (1956-2008)",7,"Captura; Sonora; CONAPESCA;INAPESCA; Kg; callo de hacha","Captura de callo de hacha en Sonora (1956-2008)"
"110","Captura de","camaron","en Sonora (1956-2008)",53,"Captura; Sonora; CONAPESCA;INAPESCA; Kg; camaron","Captura de camaron en Sonora (1956-2008)"
"111","Captura de","caracol","en Sonora (1956-2008)",24,"Captura; Sonora; CONAPESCA;INAPESCA; Kg; caracol","Captura de caracol en Sonora (1956-2008)"
"112","Captura de","cazon","en Sonora (1956-2008)",46,"Captura; Sonora; CONAPESCA;INAPESCA; Kg; cazon","Captura de cazon en Sonora (1956-2008)"
"113","Captura de","cocinero","en Sonora (1956-2008)",1,"Captura; Sonora; CONAPESCA;INAPESCA; Kg; cocinero","Captura de cocinero en Sonora (1956-2008)"
"114","Captura de","conejo","en Sonora (1956-2008)",2,"Captura; Sonora; CONAPESCA;INAPESCA; Kg; conejo","Captura de conejo en Sonora (1956-2008)"
"115","Captura de","corvina","en Sonora (1956-2008)",52,"Captura; Sonora; CONAPESCA;INAPESCA; Kg; corvina","Captura de corvina en Sonora (1956-2008)"
"116","Captura de","chihuil","en Sonora (1956-2008)",1,"Captura; Sonora; CONAPESCA;INAPESCA; Kg; chihuil","Captura de chihuil en Sonora (1956-2008)"
"117","Captura de","chivato","en Sonora (1956-2008)",1,"Captura; Sonora; CONAPESCA;INAPESCA; Kg; chivato","Captura de chivato en Sonora (1956-2008)"
"118","Captura de","chopa","en Sonora (1956-2008)",1,"Captura; Sonora; CONAPESCA;INAPESCA; Kg; chopa","Captura de chopa en Sonora (1956-2008)"
"119","Captura de","extranjero","en Sonora (1956-2008)",2,"Captura; Sonora; CONAPESCA;INAPESCA; Kg; extranjero","Captura de extranjero en Sonora (1956-2008)"
"120","Captura de","garropa","en Sonora (1956-2008)",1,"Captura; Sonora; CONAPESCA;INAPESCA; Kg; garropa","Captura de garropa en Sonora (1956-2008)"
"121","Captura de","huachinango","en Sonora (1956-2008)",23,"Captura; Sonora; CONAPESCA;INAPESCA; Kg; huachinango","Captura de huachinango en Sonora (1956-2008)"
"122","Captura de","jaiba","en Sonora (1956-2008)",29,"Captura; Sonora; CONAPESCA;INAPESCA; Kg; jaiba","Captura de jaiba en Sonora (1956-2008)"
"123","Captura de","jurel","en Sonora (1956-2008)",24,"Captura; Sonora; CONAPESCA;INAPESCA; Kg; jurel","Captura de jurel en Sonora (1956-2008)"
"124","Captura de","langosta","en Sonora (1956-2008)",28,"Captura; Sonora; CONAPESCA;INAPESCA; Kg; langosta","Captura de langosta en Sonora (1956-2008)"
"125","Captura de","lenguado","en Sonora (1956-2008)",34,"Captura; Sonora; CONAPESCA;INAPESCA; Kg; lenguado","Captura de lenguado en Sonora (1956-2008)"
"126","Captura de","lisa","en Sonora (1956-2008)",53,"Captura; Sonora; CONAPESCA;INAPESCA; Kg; lisa","Captura de lisa en Sonora (1956-2008)"
"127","Captura de","lucero","en Sonora (1956-2008)",3,"Captura; Sonora; CONAPESCA;INAPESCA; Kg; lucero","Captura de lucero en Sonora (1956-2008)"
"128","Captura de","macarela","en Sonora (1956-2008)",25,"Captura; Sonora; CONAPESCA;INAPESCA; Kg; macarela","Captura de macarela en Sonora (1956-2008)"
"129","Captura de","machorro","en Sonora (1956-2008)",2,"Captura; Sonora; CONAPESCA;INAPESCA; Kg; machorro","Captura de machorro en Sonora (1956-2008)"
"130","Captura de","mero","en Sonora (1956-2008)",8,"Captura; Sonora; CONAPESCA;INAPESCA; Kg; mero","Captura de mero en Sonora (1956-2008)"
"131","Captura de","mojarra (malacapa)","en Sonora (1956-2008)",41,"Captura; Sonora; CONAPESCA;INAPESCA; Kg; mojarra (malacapa)","Captura de mojarra (malacapa) en Sonora (1956-2008)"
"132","Captura de","ostion","en Sonora (1956-2008)",27,"Captura; Sonora; CONAPESCA;INAPESCA; Kg; ostion","Captura de ostion en Sonora (1956-2008)"
"133","Captura de","otras (pec,mol,crust)","en Sonora (1956-2008)",44,"Captura; Sonora; CONAPESCA;INAPESCA; Kg; otras (pec,mol,crust)","Captura de otras (pec,mol,crust) en Sonora (1956-2008)"
"134","Captura de","otros crustaceos","en Sonora (1956-2008)",2,"Captura; Sonora; CONAPESCA;INAPESCA; Kg; otros crustaceos","Captura de otros crustaceos en Sonora (1956-2008)"
"135","Captura de","otros moluscos","en Sonora (1956-2008)",6,"Captura; Sonora; CONAPESCA;INAPESCA; Kg; otros moluscos","Captura de otros moluscos en Sonora (1956-2008)"
"136","Captura de","otros peces","en Sonora (1956-2008)",13,"Captura; Sonora; CONAPESCA;INAPESCA; Kg; otros peces","Captura de otros peces en Sonora (1956-2008)"
"137","Captura de","pampano","en Sonora (1956-2008)",12,"Captura; Sonora; CONAPESCA;INAPESCA; Kg; pampano","Captura de pampano en Sonora (1956-2008)"
"138","Captura de","pargo","en Sonora (1956-2008)",47,"Captura; Sonora; CONAPESCA;INAPESCA; Kg; pargo","Captura de pargo en Sonora (1956-2008)"
"139","Captura de","pesc seco,salpreso","en Sonora (1956-2008)",3,"Captura; Sonora; CONAPESCA;INAPESCA; Kg; pesc seco,salpreso","Captura de pesc seco,salpreso en Sonora (1956-2008)"
"140","Captura de","pierna","en Sonora (1956-2008)",12,"Captura; Sonora; CONAPESCA;INAPESCA; Kg; pierna","Captura de pierna en Sonora (1956-2008)"
"141","Captura de","pulpo","en Sonora (1956-2008)",27,"Captura; Sonora; CONAPESCA;INAPESCA; Kg; pulpo","Captura de pulpo en Sonora (1956-2008)"
"142","Captura de","raton","en Sonora (1956-2008)",2,"Captura; Sonora; CONAPESCA;INAPESCA; Kg; raton","Captura de raton en Sonora (1956-2008)"
"143","Captura de","rayas","en Sonora (1956-2008)",17,"Captura; Sonora; CONAPESCA;INAPESCA; Kg; rayas","Captura de rayas en Sonora (1956-2008)"
"144","Captura de","robalo","en Sonora (1956-2008)",10,"Captura; Sonora; CONAPESCA;INAPESCA; Kg; robalo","Captura de robalo en Sonora (1956-2008)"
"145","Captura de","roncacho","en Sonora (1956-2008)",2,"Captura; Sonora; CONAPESCA;INAPESCA; Kg; roncacho","Captura de roncacho en Sonora (1956-2008)"
"146","Captura de","ronco","en Sonora (1956-2008)",22,"Captura; Sonora; CONAPESCA;INAPESCA; Kg; ronco","Captura de ronco en Sonora (1956-2008)"
"147","Captura de","rubia (villajaiba)","en Sonora (1956-2008)",10,"Captura; Sonora; CONAPESCA;INAPESCA; Kg; rubia (villajaiba)","Captura de rubia (villajaiba) en Sonora (1956-2008)"
"148","Captura de","sardina","en Sonora (1956-2008)",43,"Captura; Sonora; CONAPESCA;INAPESCA; Kg; sardina","Captura de sardina en Sonora (1956-2008)"
"149","Captura de","sierra","en Sonora (1956-2008)",52,"Captura; Sonora; CONAPESCA;INAPESCA; Kg; sierra","Captura de sierra en Sonora (1956-2008)"
"150","Captura de","tiburon","en Sonora (1956-2008)",46,"Captura; Sonora; CONAPESCA;INAPESCA; Kg; tiburon","Captura de tiburon en Sonora (1956-2008)"
"151","Captura de","almeja","en Sinaloa (1956-2008)",44,"Captura; Sinaloa; CONAPESCA;INAPESCA; Kg; almeja","Captura de almeja en Sinaloa (1956-2008)"
"152","Captura de","anchoveta","en Sinaloa (1956-2008)",1,"Captura; Sinaloa; CONAPESCA;INAPESCA; Kg; anchoveta","Captura de anchoveta en Sinaloa (1956-2008)"
"153","Captura de","atun","en Sinaloa (1956-2008)",36,"Captura; Sinaloa; CONAPESCA;INAPESCA; Kg; atun","Captura de atun en Sinaloa (1956-2008)"
"154","Captura de","bagre","en Sinaloa (1956-2008)",30,"Captura; Sinaloa; CONAPESCA;INAPESCA; Kg; bagre","Captura de bagre en Sinaloa (1956-2008)"
"155","Captura de","bandera","en Sinaloa (1956-2008)",20,"Captura; Sinaloa; CONAPESCA;INAPESCA; Kg; bandera","Captura de bandera en Sinaloa (1956-2008)"
"156","Captura de","baqueta","en Sinaloa (1956-2008)",30,"Captura; Sinaloa; CONAPESCA;INAPESCA; Kg; baqueta","Captura de baqueta en Sinaloa (1956-2008)"
"157","Captura de","barrilete","en Sinaloa (1956-2008)",31,"Captura; Sinaloa; CONAPESCA;INAPESCA; Kg; barrilete","Captura de barrilete en Sinaloa (1956-2008)"
"158","Captura de","berrugata","en Sinaloa (1956-2008)",20,"Captura; Sinaloa; CONAPESCA;INAPESCA; Kg; berrugata","Captura de berrugata en Sinaloa (1956-2008)"
"159","Captura de","bonito","en Sinaloa (1956-2008)",13,"Captura; Sinaloa; CONAPESCA;INAPESCA; Kg; bonito","Captura de bonito en Sinaloa (1956-2008)"
"160","Captura de","botete","en Sinaloa (1956-2008)",5,"Captura; Sinaloa; CONAPESCA;INAPESCA; Kg; botete","Captura de botete en Sinaloa (1956-2008)"
"161","Captura de","burro","en Sinaloa (1956-2008)",2,"Captura; Sinaloa; CONAPESCA;INAPESCA; Kg; burro","Captura de burro en Sinaloa (1956-2008)"
"162","Captura de","cabrilla","en Sinaloa (1956-2008)",16,"Captura; Sinaloa; CONAPESCA;INAPESCA; Kg; cabrilla","Captura de cabrilla en Sinaloa (1956-2008)"
"163","Captura de","calamar","en Sinaloa (1956-2008)",24,"Captura; Sinaloa; CONAPESCA;INAPESCA; Kg; calamar","Captura de calamar en Sinaloa (1956-2008)"
"164","Captura de","callo de hacha","en Sinaloa (1956-2008)",12,"Captura; Sinaloa; CONAPESCA;INAPESCA; Kg; callo de hacha","Captura de callo de hacha en Sinaloa (1956-2008)"
"165","Captura de","camaron","en Sinaloa (1956-2008)",53,"Captura; Sinaloa; CONAPESCA;INAPESCA; Kg; camaron","Captura de camaron en Sinaloa (1956-2008)"
"166","Captura de","caracol","en Sinaloa (1956-2008)",22,"Captura; Sinaloa; CONAPESCA;INAPESCA; Kg; caracol","Captura de caracol en Sinaloa (1956-2008)"
"167","Captura de","cazon","en Sinaloa (1956-2008)",48,"Captura; Sinaloa; CONAPESCA;INAPESCA; Kg; cazon","Captura de cazon en Sinaloa (1956-2008)"
"168","Captura de","cochi","en Sinaloa (1956-2008)",4,"Captura; Sinaloa; CONAPESCA;INAPESCA; Kg; cochi","Captura de cochi en Sinaloa (1956-2008)"
"169","Captura de","conejo","en Sinaloa (1956-2008)",1,"Captura; Sinaloa; CONAPESCA;INAPESCA; Kg; conejo","Captura de conejo en Sinaloa (1956-2008)"
"170","Captura de","constantino","en Sinaloa (1956-2008)",3,"Captura; Sinaloa; CONAPESCA;INAPESCA; Kg; constantino","Captura de constantino en Sinaloa (1956-2008)"
"171","Captura de","corvina","en Sinaloa (1956-2008)",53,"Captura; Sinaloa; CONAPESCA;INAPESCA; Kg; corvina","Captura de corvina en Sinaloa (1956-2008)"
"172","Captura de","chihuil","en Sinaloa (1956-2008)",5,"Captura; Sinaloa; CONAPESCA;INAPESCA; Kg; chihuil","Captura de chihuil en Sinaloa (1956-2008)"
"173","Captura de","choro (molusco)","en Sinaloa (1956-2008)",5,"Captura; Sinaloa; CONAPESCA;INAPESCA; Kg; choro (molusco)","Captura de choro (molusco) en Sinaloa (1956-2008)"
"174","Captura de","esmedregal","en Sinaloa (1956-2008)",4,"Captura; Sinaloa; CONAPESCA;INAPESCA; Kg; esmedregal","Captura de esmedregal en Sinaloa (1956-2008)"
"175","Captura de","garropa","en Sinaloa (1956-2008)",3,"Captura; Sinaloa; CONAPESCA;INAPESCA; Kg; garropa","Captura de garropa en Sinaloa (1956-2008)"
"176","Captura de","gurrubata","en Sinaloa (1956-2008)",2,"Captura; Sinaloa; CONAPESCA;INAPESCA; Kg; gurrubata","Captura de gurrubata en Sinaloa (1956-2008)"
"177","Captura de","huachinango","en Sinaloa (1956-2008)",44,"Captura; Sinaloa; CONAPESCA;INAPESCA; Kg; huachinango","Captura de huachinango en Sinaloa (1956-2008)"
"178","Captura de","jaiba","en Sinaloa (1956-2008)",27,"Captura; Sinaloa; CONAPESCA;INAPESCA; Kg; jaiba","Captura de jaiba en Sinaloa (1956-2008)"
"179","Captura de","jurel","en Sinaloa (1956-2008)",35,"Captura; Sinaloa; CONAPESCA;INAPESCA; Kg; jurel","Captura de jurel en Sinaloa (1956-2008)"
"180","Captura de","langosta","en Sinaloa (1956-2008)",31,"Captura; Sinaloa; CONAPESCA;INAPESCA; Kg; langosta","Captura de langosta en Sinaloa (1956-2008)"
"181","Captura de","lenguado","en Sinaloa (1956-2008)",18,"Captura; Sinaloa; CONAPESCA;INAPESCA; Kg; lenguado","Captura de lenguado en Sinaloa (1956-2008)"
"182","Captura de","lisa","en Sinaloa (1956-2008)",53,"Captura; Sinaloa; CONAPESCA;INAPESCA; Kg; lisa","Captura de lisa en Sinaloa (1956-2008)"
"183","Captura de","lucero","en Sinaloa (1956-2008)",1,"Captura; Sinaloa; CONAPESCA;INAPESCA; Kg; lucero","Captura de lucero en Sinaloa (1956-2008)"
"184","Captura de","macarela","en Sinaloa (1956-2008)",3,"Captura; Sinaloa; CONAPESCA;INAPESCA; Kg; macarela","Captura de macarela en Sinaloa (1956-2008)"
"185","Captura de","mero","en Sinaloa (1956-2008)",21,"Captura; Sinaloa; CONAPESCA;INAPESCA; Kg; mero","Captura de mero en Sinaloa (1956-2008)"
"186","Captura de","mojarra (malacapa)","en Sinaloa (1956-2008)",38,"Captura; Sinaloa; CONAPESCA;INAPESCA; Kg; mojarra (malacapa)","Captura de mojarra (malacapa) en Sinaloa (1956-2008)"
"187","Captura de","ostion","en Sinaloa (1956-2008)",52,"Captura; Sinaloa; CONAPESCA;INAPESCA; Kg; ostion","Captura de ostion en Sinaloa (1956-2008)"
"188","Captura de","otras (pec,mol,crust)","en Sinaloa (1956-2008)",44,"Captura; Sinaloa; CONAPESCA;INAPESCA; Kg; otras (pec,mol,crust)","Captura de otras (pec,mol,crust) en Sinaloa (1956-2008)"
"189","Captura de","otros crustaceos","en Sinaloa (1956-2008)",4,"Captura; Sinaloa; CONAPESCA;INAPESCA; Kg; otros crustaceos","Captura de otros crustaceos en Sinaloa (1956-2008)"
"190","Captura de","otros moluscos","en Sinaloa (1956-2008)",15,"Captura; Sinaloa; CONAPESCA;INAPESCA; Kg; otros moluscos","Captura de otros moluscos en Sinaloa (1956-2008)"
"191","Captura de","otros peces","en Sinaloa (1956-2008)",11,"Captura; Sinaloa; CONAPESCA;INAPESCA; Kg; otros peces","Captura de otros peces en Sinaloa (1956-2008)"
"192","Captura de","palometa","en Sinaloa (1956-2008)",3,"Captura; Sinaloa; CONAPESCA;INAPESCA; Kg; palometa","Captura de palometa en Sinaloa (1956-2008)"
"193","Captura de","pampano","en Sinaloa (1956-2008)",13,"Captura; Sinaloa; CONAPESCA;INAPESCA; Kg; pampano","Captura de pampano en Sinaloa (1956-2008)"
"194","Captura de","papelillo","en Sinaloa (1956-2008)",2,"Captura; Sinaloa; CONAPESCA;INAPESCA; Kg; papelillo","Captura de papelillo en Sinaloa (1956-2008)"
"195","Captura de","pargo","en Sinaloa (1956-2008)",47,"Captura; Sinaloa; CONAPESCA;INAPESCA; Kg; pargo","Captura de pargo en Sinaloa (1956-2008)"
"196","Captura de","pesc seco,salpreso","en Sinaloa (1956-2008)",12,"Captura; Sinaloa; CONAPESCA;INAPESCA; Kg; pesc seco,salpreso","Captura de pesc seco,salpreso en Sinaloa (1956-2008)"
"197","Captura de","pierna","en Sinaloa (1956-2008)",15,"Captura; Sinaloa; CONAPESCA;INAPESCA; Kg; pierna","Captura de pierna en Sinaloa (1956-2008)"
"198","Captura de","pulpo","en Sinaloa (1956-2008)",3,"Captura; Sinaloa; CONAPESCA;INAPESCA; Kg; pulpo","Captura de pulpo en Sinaloa (1956-2008)"
"199","Captura de","rayas","en Sinaloa (1956-2008)",12,"Captura; Sinaloa; CONAPESCA;INAPESCA; Kg; rayas","Captura de rayas en Sinaloa (1956-2008)"
"200","Captura de","robalo","en Sinaloa (1956-2008)",38,"Captura; Sinaloa; CONAPESCA;INAPESCA; Kg; robalo","Captura de robalo en Sinaloa (1956-2008)"
"201","Captura de","roncacho","en Sinaloa (1956-2008)",3,"Captura; Sinaloa; CONAPESCA;INAPESCA; Kg; roncacho","Captura de roncacho en Sinaloa (1956-2008)"
"202","Captura de","ronco","en Sinaloa (1956-2008)",23,"Captura; Sinaloa; CONAPESCA;INAPESCA; Kg; ronco","Captura de ronco en Sinaloa (1956-2008)"
"203","Captura de","rubia (villajaiba)","en Sinaloa (1956-2008)",13,"Captura; Sinaloa; CONAPESCA;INAPESCA; Kg; rubia (villajaiba)","Captura de rubia (villajaiba) en Sinaloa (1956-2008)"
"204","Captura de","sardina","en Sinaloa (1956-2008)",36,"Captura; Sinaloa; CONAPESCA;INAPESCA; Kg; sardina","Captura de sardina en Sinaloa (1956-2008)"
"205","Captura de","sierra","en Sinaloa (1956-2008)",52,"Captura; Sinaloa; CONAPESCA;INAPESCA; Kg; sierra","Captura de sierra en Sinaloa (1956-2008)"
"206","Captura de","tiburon","en Sinaloa (1956-2008)",46,"Captura; Sinaloa; CONAPESCA;INAPESCA; Kg; tiburon","Captura de tiburon en Sinaloa (1956-2008)"
"207","Captura de","almeja","en Nayarit (1956-2008)",30,"Captura; Nayarit; CONAPESCA;INAPESCA; Kg; almeja","Captura de almeja en Nayarit (1956-2008)"
"208","Captura de","atun","en Nayarit (1956-2008)",14,"Captura; Nayarit; CONAPESCA;INAPESCA; Kg; atun","Captura de atun en Nayarit (1956-2008)"
"209","Captura de","bagre","en Nayarit (1956-2008)",21,"Captura; Nayarit; CONAPESCA;INAPESCA; Kg; bagre","Captura de bagre en Nayarit (1956-2008)"
"210","Captura de","bandera","en Nayarit (1956-2008)",26,"Captura; Nayarit; CONAPESCA;INAPESCA; Kg; bandera","Captura de bandera en Nayarit (1956-2008)"
"211","Captura de","baqueta","en Nayarit (1956-2008)",14,"Captura; Nayarit; CONAPESCA;INAPESCA; Kg; baqueta","Captura de baqueta en Nayarit (1956-2008)"
"212","Captura de","barrilete","en Nayarit (1956-2008)",31,"Captura; Nayarit; CONAPESCA;INAPESCA; Kg; barrilete","Captura de barrilete en Nayarit (1956-2008)"
"213","Captura de","berrugata","en Nayarit (1956-2008)",16,"Captura; Nayarit; CONAPESCA;INAPESCA; Kg; berrugata","Captura de berrugata en Nayarit (1956-2008)"
"214","Captura de","bonito","en Nayarit (1956-2008)",18,"Captura; Nayarit; CONAPESCA;INAPESCA; Kg; bonito","Captura de bonito en Nayarit (1956-2008)"
"215","Captura de","botete","en Nayarit (1956-2008)",3,"Captura; Nayarit; CONAPESCA;INAPESCA; Kg; botete","Captura de botete en Nayarit (1956-2008)"
"216","Captura de","burro","en Nayarit (1956-2008)",3,"Captura; Nayarit; CONAPESCA;INAPESCA; Kg; burro","Captura de burro en Nayarit (1956-2008)"
"217","Captura de","cabrilla","en Nayarit (1956-2008)",3,"Captura; Nayarit; CONAPESCA;INAPESCA; Kg; cabrilla","Captura de cabrilla en Nayarit (1956-2008)"
"218","Captura de","calamar","en Nayarit (1956-2008)",5,"Captura; Nayarit; CONAPESCA;INAPESCA; Kg; calamar","Captura de calamar en Nayarit (1956-2008)"
"219","Captura de","camaron","en Nayarit (1956-2008)",53,"Captura; Nayarit; CONAPESCA;INAPESCA; Kg; camaron","Captura de camaron en Nayarit (1956-2008)"
"220","Captura de","caracol","en Nayarit (1956-2008)",9,"Captura; Nayarit; CONAPESCA;INAPESCA; Kg; caracol","Captura de caracol en Nayarit (1956-2008)"
"221","Captura de","cazon","en Nayarit (1956-2008)",53,"Captura; Nayarit; CONAPESCA;INAPESCA; Kg; cazon","Captura de cazon en Nayarit (1956-2008)"
"222","Captura de","constantino","en Nayarit (1956-2008)",33,"Captura; Nayarit; CONAPESCA;INAPESCA; Kg; constantino","Captura de constantino en Nayarit (1956-2008)"
"223","Captura de","corvina","en Nayarit (1956-2008)",53,"Captura; Nayarit; CONAPESCA;INAPESCA; Kg; corvina","Captura de corvina en Nayarit (1956-2008)"
"224","Captura de","chihuil","en Nayarit (1956-2008)",7,"Captura; Nayarit; CONAPESCA;INAPESCA; Kg; chihuil","Captura de chihuil en Nayarit (1956-2008)"
"225","Captura de","chile","en Nayarit (1956-2008)",3,"Captura; Nayarit; CONAPESCA;INAPESCA; Kg; chile","Captura de chile en Nayarit (1956-2008)"
"226","Captura de","esmedregal","en Nayarit (1956-2008)",11,"Captura; Nayarit; CONAPESCA;INAPESCA; Kg; esmedregal","Captura de esmedregal en Nayarit (1956-2008)"
"227","Captura de","gurrubata","en Nayarit (1956-2008)",2,"Captura; Nayarit; CONAPESCA;INAPESCA; Kg; gurrubata","Captura de gurrubata en Nayarit (1956-2008)"
"228","Captura de","huachinango","en Nayarit (1956-2008)",43,"Captura; Nayarit; CONAPESCA;INAPESCA; Kg; huachinango","Captura de huachinango en Nayarit (1956-2008)"
"229","Captura de","jaiba","en Nayarit (1956-2008)",18,"Captura; Nayarit; CONAPESCA;INAPESCA; Kg; jaiba","Captura de jaiba en Nayarit (1956-2008)"
"230","Captura de","jurel","en Nayarit (1956-2008)",22,"Captura; Nayarit; CONAPESCA;INAPESCA; Kg; jurel","Captura de jurel en Nayarit (1956-2008)"
"231","Captura de","langosta","en Nayarit (1956-2008)",21,"Captura; Nayarit; CONAPESCA;INAPESCA; Kg; langosta","Captura de langosta en Nayarit (1956-2008)"
"232","Captura de","lebrancha","en Nayarit (1956-2008)",14,"Captura; Nayarit; CONAPESCA;INAPESCA; Kg; lebrancha","Captura de lebrancha en Nayarit (1956-2008)"
"233","Captura de","lenguado","en Nayarit (1956-2008)",8,"Captura; Nayarit; CONAPESCA;INAPESCA; Kg; lenguado","Captura de lenguado en Nayarit (1956-2008)"
"234","Captura de","lisa","en Nayarit (1956-2008)",52,"Captura; Nayarit; CONAPESCA;INAPESCA; Kg; lisa","Captura de lisa en Nayarit (1956-2008)"
"235","Captura de","macarela","en Nayarit (1956-2008)",1,"Captura; Nayarit; CONAPESCA;INAPESCA; Kg; macarela","Captura de macarela en Nayarit (1956-2008)"
"236","Captura de","mero","en Nayarit (1956-2008)",23,"Captura; Nayarit; CONAPESCA;INAPESCA; Kg; mero","Captura de mero en Nayarit (1956-2008)"
"237","Captura de","mojarra","en Nayarit (1956-2008)",44,"Captura; Nayarit; CONAPESCA;INAPESCA; Kg; mojarra","Captura de mojarra en Nayarit (1956-2008)"
"238","Captura de","ostion","en Nayarit (1956-2008)",53,"Captura; Nayarit; CONAPESCA;INAPESCA; Kg; ostion","Captura de ostion en Nayarit (1956-2008)"
"239","Captura de","otras (pec,mol,crust)","en Nayarit (1956-2008)",44,"Captura; Nayarit; CONAPESCA;INAPESCA; Kg; otras (pec,mol,crust)","Captura de otras (pec,mol,crust) en Nayarit (1956-2008)"
"240","Captura de","otros crustaceos","en Nayarit (1956-2008)",3,"Captura; Nayarit; CONAPESCA;INAPESCA; Kg; otros crustaceos","Captura de otros crustaceos en Nayarit (1956-2008)"
"241","Captura de","otros moluscos","en Nayarit (1956-2008)",4,"Captura; Nayarit; CONAPESCA;INAPESCA; Kg; otros moluscos","Captura de otros moluscos en Nayarit (1956-2008)"
"242","Captura de","otros peces","en Nayarit (1956-2008)",12,"Captura; Nayarit; CONAPESCA;INAPESCA; Kg; otros peces","Captura de otros peces en Nayarit (1956-2008)"
"243","Captura de","palometa","en Nayarit (1956-2008)",2,"Captura; Nayarit; CONAPESCA;INAPESCA; Kg; palometa","Captura de palometa en Nayarit (1956-2008)"
"244","Captura de","pampano","en Nayarit (1956-2008)",12,"Captura; Nayarit; CONAPESCA;INAPESCA; Kg; pampano","Captura de pampano en Nayarit (1956-2008)"
"245","Captura de","papelillo","en Nayarit (1956-2008)",3,"Captura; Nayarit; CONAPESCA;INAPESCA; Kg; papelillo","Captura de papelillo en Nayarit (1956-2008)"
"246","Captura de","pargo","en Nayarit (1956-2008)",52,"Captura; Nayarit; CONAPESCA;INAPESCA; Kg; pargo","Captura de pargo en Nayarit (1956-2008)"
"247","Captura de","pesc seco,salpreso","en Nayarit (1956-2008)",3,"Captura; Nayarit; CONAPESCA;INAPESCA; Kg; pesc seco,salpreso","Captura de pesc seco,salpreso en Nayarit (1956-2008)"
"248","Captura de","pulpo","en Nayarit (1956-2008)",21,"Captura; Nayarit; CONAPESCA;INAPESCA; Kg; pulpo","Captura de pulpo en Nayarit (1956-2008)"
"249","Captura de","rayas","en Nayarit (1956-2008)",12,"Captura; Nayarit; CONAPESCA;INAPESCA; Kg; rayas","Captura de rayas en Nayarit (1956-2008)"
"250","Captura de","robalo","en Nayarit (1956-2008)",53,"Captura; Nayarit; CONAPESCA;INAPESCA; Kg; robalo","Captura de robalo en Nayarit (1956-2008)"
"251","Captura de","ronco","en Nayarit (1956-2008)",20,"Captura; Nayarit; CONAPESCA;INAPESCA; Kg; ronco","Captura de ronco en Nayarit (1956-2008)"
"252","Captura de","sardina","en Nayarit (1956-2008)",9,"Captura; Nayarit; CONAPESCA;INAPESCA; Kg; sardina","Captura de sardina en Nayarit (1956-2008)"
"253","Captura de","sierra","en Nayarit (1956-2008)",53,"Captura; Nayarit; CONAPESCA;INAPESCA; Kg; sierra","Captura de sierra en Nayarit (1956-2008)"
"254","Captura de","tiburon","en Nayarit (1956-2008)",41,"Captura; Nayarit; CONAPESCA;INAPESCA; Kg; tiburon","Captura de tiburon en Nayarit (1956-2008)"
"255","Captura de","almeja","en Jalisco (1956-2008)",18,"Captura; Jalisco; CONAPESCA;INAPESCA; Kg; almeja","Captura de almeja en Jalisco (1956-2008)"
"256","Captura de","atun","en Jalisco (1956-2008)",15,"Captura; Jalisco; CONAPESCA;INAPESCA; Kg; atun","Captura de atun en Jalisco (1956-2008)"
"257","Captura de","bagre","en Jalisco (1956-2008)",34,"Captura; Jalisco; CONAPESCA;INAPESCA; Kg; bagre","Captura de bagre en Jalisco (1956-2008)"
"258","Captura de","bandera","en Jalisco (1956-2008)",23,"Captura; Jalisco; CONAPESCA;INAPESCA; Kg; bandera","Captura de bandera en Jalisco (1956-2008)"
"259","Captura de","baqueta","en Jalisco (1956-2008)",2,"Captura; Jalisco; CONAPESCA;INAPESCA; Kg; baqueta","Captura de baqueta en Jalisco (1956-2008)"
"260","Captura de","barrilete","en Jalisco (1956-2008)",16,"Captura; Jalisco; CONAPESCA;INAPESCA; Kg; barrilete","Captura de barrilete en Jalisco (1956-2008)"
"261","Captura de","berrugata","en Jalisco (1956-2008)",13,"Captura; Jalisco; CONAPESCA;INAPESCA; Kg; berrugata","Captura de berrugata en Jalisco (1956-2008)"
"262","Captura de","bonito","en Jalisco (1956-2008)",8,"Captura; Jalisco; CONAPESCA;INAPESCA; Kg; bonito","Captura de bonito en Jalisco (1956-2008)"
"263","Captura de","cabrilla","en Jalisco (1956-2008)",13,"Captura; Jalisco; CONAPESCA;INAPESCA; Kg; cabrilla","Captura de cabrilla en Jalisco (1956-2008)"
"264","Captura de","calamar","en Jalisco (1956-2008)",1,"Captura; Jalisco; CONAPESCA;INAPESCA; Kg; calamar","Captura de calamar en Jalisco (1956-2008)"
"265","Captura de","camaron","en Jalisco (1956-2008)",27,"Captura; Jalisco; CONAPESCA;INAPESCA; Kg; camaron","Captura de camaron en Jalisco (1956-2008)"
"266","Captura de","caracol","en Jalisco (1956-2008)",7,"Captura; Jalisco; CONAPESCA;INAPESCA; Kg; caracol","Captura de caracol en Jalisco (1956-2008)"
"267","Captura de","cazon","en Jalisco (1956-2008)",41,"Captura; Jalisco; CONAPESCA;INAPESCA; Kg; cazon","Captura de cazon en Jalisco (1956-2008)"
"268","Captura de","cocinero","en Jalisco (1956-2008)",7,"Captura; Jalisco; CONAPESCA;INAPESCA; Kg; cocinero","Captura de cocinero en Jalisco (1956-2008)"
"269","Captura de","corvina","en Jalisco (1956-2008)",25,"Captura; Jalisco; CONAPESCA;INAPESCA; Kg; corvina","Captura de corvina en Jalisco (1956-2008)"
"270","Captura de","chihuil","en Jalisco (1956-2008)",2,"Captura; Jalisco; CONAPESCA;INAPESCA; Kg; chihuil","Captura de chihuil en Jalisco (1956-2008)"
"271","Captura de","chopa","en Jalisco (1956-2008)",1,"Captura; Jalisco; CONAPESCA;INAPESCA; Kg; chopa","Captura de chopa en Jalisco (1956-2008)"
"272","Captura de","esmedregal","en Jalisco (1956-2008)",14,"Captura; Jalisco; CONAPESCA;INAPESCA; Kg; esmedregal","Captura de esmedregal en Jalisco (1956-2008)"
"273","Captura de","huachinango","en Jalisco (1956-2008)",45,"Captura; Jalisco; CONAPESCA;INAPESCA; Kg; huachinango","Captura de huachinango en Jalisco (1956-2008)"
"274","Captura de","jaiba","en Jalisco (1956-2008)",25,"Captura; Jalisco; CONAPESCA;INAPESCA; Kg; jaiba","Captura de jaiba en Jalisco (1956-2008)"
"275","Captura de","jurel","en Jalisco (1956-2008)",25,"Captura; Jalisco; CONAPESCA;INAPESCA; Kg; jurel","Captura de jurel en Jalisco (1956-2008)"
"276","Captura de","langosta","en Jalisco (1956-2008)",37,"Captura; Jalisco; CONAPESCA;INAPESCA; Kg; langosta","Captura de langosta en Jalisco (1956-2008)"
"277","Captura de","lebrancha","en Jalisco (1956-2008)",15,"Captura; Jalisco; CONAPESCA;INAPESCA; Kg; lebrancha","Captura de lebrancha en Jalisco (1956-2008)"
"278","Captura de","lenguado","en Jalisco (1956-2008)",7,"Captura; Jalisco; CONAPESCA;INAPESCA; Kg; lenguado","Captura de lenguado en Jalisco (1956-2008)"
"279","Captura de","lisa","en Jalisco (1956-2008)",33,"Captura; Jalisco; CONAPESCA;INAPESCA; Kg; lisa","Captura de lisa en Jalisco (1956-2008)"
"280","Captura de","lucero","en Jalisco (1956-2008)",3,"Captura; Jalisco; CONAPESCA;INAPESCA; Kg; lucero","Captura de lucero en Jalisco (1956-2008)"
"281","Captura de","macarela","en Jalisco (1956-2008)",1,"Captura; Jalisco; CONAPESCA;INAPESCA; Kg; macarela","Captura de macarela en Jalisco (1956-2008)"
"282","Captura de","mero","en Jalisco (1956-2008)",9,"Captura; Jalisco; CONAPESCA;INAPESCA; Kg; mero","Captura de mero en Jalisco (1956-2008)"
"283","Captura de","mojarra","en Jalisco (1956-2008)",44,"Captura; Jalisco; CONAPESCA;INAPESCA; Kg; mojarra","Captura de mojarra en Jalisco (1956-2008)"
"284","Captura de","ostion","en Jalisco (1956-2008)",31,"Captura; Jalisco; CONAPESCA;INAPESCA; Kg; ostion","Captura de ostion en Jalisco (1956-2008)"
"285","Captura de","otras (pec,mol,crust)","en Jalisco (1956-2008)",43,"Captura; Jalisco; CONAPESCA;INAPESCA; Kg; otras (pec,mol,crust)","Captura de otras (pec,mol,crust) en Jalisco (1956-2008)"
"286","Captura de","otros crustaceos","en Jalisco (1956-2008)",4,"Captura; Jalisco; CONAPESCA;INAPESCA; Kg; otros crustaceos","Captura de otros crustaceos en Jalisco (1956-2008)"
"287","Captura de","otros moluscos","en Jalisco (1956-2008)",6,"Captura; Jalisco; CONAPESCA;INAPESCA; Kg; otros moluscos","Captura de otros moluscos en Jalisco (1956-2008)"
"288","Captura de","otros peces","en Jalisco (1956-2008)",11,"Captura; Jalisco; CONAPESCA;INAPESCA; Kg; otros peces","Captura de otros peces en Jalisco (1956-2008)"
"289","Captura de","pampano","en Jalisco (1956-2008)",12,"Captura; Jalisco; CONAPESCA;INAPESCA; Kg; pampano","Captura de pampano en Jalisco (1956-2008)"
"290","Captura de","pargo","en Jalisco (1956-2008)",44,"Captura; Jalisco; CONAPESCA;INAPESCA; Kg; pargo","Captura de pargo en Jalisco (1956-2008)"
"291","Captura de","pesc seco,salpreso","en Jalisco (1956-2008)",5,"Captura; Jalisco; CONAPESCA;INAPESCA; Kg; pesc seco,salpreso","Captura de pesc seco,salpreso en Jalisco (1956-2008)"
"292","Captura de","pulpo","en Jalisco (1956-2008)",27,"Captura; Jalisco; CONAPESCA;INAPESCA; Kg; pulpo","Captura de pulpo en Jalisco (1956-2008)"
"293","Captura de","rayas","en Jalisco (1956-2008)",15,"Captura; Jalisco; CONAPESCA;INAPESCA; Kg; rayas","Captura de rayas en Jalisco (1956-2008)"
"294","Captura de","robalo","en Jalisco (1956-2008)",29,"Captura; Jalisco; CONAPESCA;INAPESCA; Kg; robalo","Captura de robalo en Jalisco (1956-2008)"
"295","Captura de","ronco","en Jalisco (1956-2008)",23,"Captura; Jalisco; CONAPESCA;INAPESCA; Kg; ronco","Captura de ronco en Jalisco (1956-2008)"
"296","Captura de","sardina","en Jalisco (1956-2008)",14,"Captura; Jalisco; CONAPESCA;INAPESCA; Kg; sardina","Captura de sardina en Jalisco (1956-2008)"
"297","Captura de","sierra","en Jalisco (1956-2008)",41,"Captura; Jalisco; CONAPESCA;INAPESCA; Kg; sierra","Captura de sierra en Jalisco (1956-2008)"
"298","Captura de","tiburon","en Jalisco (1956-2008)",40,"Captura; Jalisco; CONAPESCA;INAPESCA; Kg; tiburon","Captura de tiburon en Jalisco (1956-2008)"
"299","Captura de","almeja","en Colima (1956-2008)",7,"Captura; Colima; CONAPESCA;INAPESCA; Kg; almeja","Captura de almeja en Colima (1956-2008)"
"300","Captura de","atun","en Colima (1956-2008)",22,"Captura; Colima; CONAPESCA;INAPESCA; Kg; atun","Captura de atun en Colima (1956-2008)"
"301","Captura de","bagre","en Colima (1956-2008)",18,"Captura; Colima; CONAPESCA;INAPESCA; Kg; bagre","Captura de bagre en Colima (1956-2008)"
"302","Captura de","bandera (cuatete)","en Colima (1956-2008)",47,"Captura; Colima; CONAPESCA;INAPESCA; Kg; bandera (cuatete)","Captura de bandera (cuatete) en Colima (1956-2008)"
"303","Captura de","baqueta","en Colima (1956-2008)",4,"Captura; Colima; CONAPESCA;INAPESCA; Kg; baqueta","Captura de baqueta en Colima (1956-2008)"
"304","Captura de","barrilete","en Colima (1956-2008)",25,"Captura; Colima; CONAPESCA;INAPESCA; Kg; barrilete","Captura de barrilete en Colima (1956-2008)"
"305","Captura de","berrugata","en Colima (1956-2008)",26,"Captura; Colima; CONAPESCA;INAPESCA; Kg; berrugata","Captura de berrugata en Colima (1956-2008)"
"306","Captura de","bonito","en Colima (1956-2008)",6,"Captura; Colima; CONAPESCA;INAPESCA; Kg; bonito","Captura de bonito en Colima (1956-2008)"
"307","Captura de","cabrilla","en Colima (1956-2008)",11,"Captura; Colima; CONAPESCA;INAPESCA; Kg; cabrilla","Captura de cabrilla en Colima (1956-2008)"
"308","Captura de","calamar","en Colima (1956-2008)",19,"Captura; Colima; CONAPESCA;INAPESCA; Kg; calamar","Captura de calamar en Colima (1956-2008)"
"309","Captura de","callo de hacha","en Colima (1956-2008)",1,"Captura; Colima; CONAPESCA;INAPESCA; Kg; callo de hacha","Captura de callo de hacha en Colima (1956-2008)"
"310","Captura de","camaron","en Colima (1956-2008)",51,"Captura; Colima; CONAPESCA;INAPESCA; Kg; camaron","Captura de camaron en Colima (1956-2008)"
"311","Captura de","caracol","en Colima (1956-2008)",1,"Captura; Colima; CONAPESCA;INAPESCA; Kg; caracol","Captura de caracol en Colima (1956-2008)"
"312","Captura de","cazon","en Colima (1956-2008)",32,"Captura; Colima; CONAPESCA;INAPESCA; Kg; cazon","Captura de cazon en Colima (1956-2008)"
"313","Captura de","cocinero","en Colima (1956-2008)",8,"Captura; Colima; CONAPESCA;INAPESCA; Kg; cocinero","Captura de cocinero en Colima (1956-2008)"
"314","Captura de","corvina","en Colima (1956-2008)",23,"Captura; Colima; CONAPESCA;INAPESCA; Kg; corvina","Captura de corvina en Colima (1956-2008)"
"315","Captura de","chopa","en Colima (1956-2008)",1,"Captura; Colima; CONAPESCA;INAPESCA; Kg; chopa","Captura de chopa en Colima (1956-2008)"
"316","Captura de","esmedregal","en Colima (1956-2008)",11,"Captura; Colima; CONAPESCA;INAPESCA; Kg; esmedregal","Captura de esmedregal en Colima (1956-2008)"
"317","Captura de","gallineta","en Colima (1956-2008)",24,"Captura; Colima; CONAPESCA;INAPESCA; Kg; gallineta","Captura de gallineta en Colima (1956-2008)"
"318","Captura de","huachinango","en Colima (1956-2008)",52,"Captura; Colima; CONAPESCA;INAPESCA; Kg; huachinango","Captura de huachinango en Colima (1956-2008)"
"319","Captura de","jaiba","en Colima (1956-2008)",31,"Captura; Colima; CONAPESCA;INAPESCA; Kg; jaiba","Captura de jaiba en Colima (1956-2008)"
"320","Captura de","jurel","en Colima (1956-2008)",43,"Captura; Colima; CONAPESCA;INAPESCA; Kg; jurel","Captura de jurel en Colima (1956-2008)"
"321","Captura de","langosta","en Colima (1956-2008)",13,"Captura; Colima; CONAPESCA;INAPESCA; Kg; langosta","Captura de langosta en Colima (1956-2008)"
"322","Captura de","lebrancha","en Colima (1956-2008)",25,"Captura; Colima; CONAPESCA;INAPESCA; Kg; lebrancha","Captura de lebrancha en Colima (1956-2008)"
"323","Captura de","lenguado","en Colima (1956-2008)",9,"Captura; Colima; CONAPESCA;INAPESCA; Kg; lenguado","Captura de lenguado en Colima (1956-2008)"
"324","Captura de","lisa","en Colima (1956-2008)",45,"Captura; Colima; CONAPESCA;INAPESCA; Kg; lisa","Captura de lisa en Colima (1956-2008)"
"325","Captura de","lucero","en Colima (1956-2008)",2,"Captura; Colima; CONAPESCA;INAPESCA; Kg; lucero","Captura de lucero en Colima (1956-2008)"
"326","Captura de","macarela","en Colima (1956-2008)",6,"Captura; Colima; CONAPESCA;INAPESCA; Kg; macarela","Captura de macarela en Colima (1956-2008)"
"327","Captura de","mero","en Colima (1956-2008)",4,"Captura; Colima; CONAPESCA;INAPESCA; Kg; mero","Captura de mero en Colima (1956-2008)"
"328","Captura de","mojarra","en Colima (1956-2008)",52,"Captura; Colima; CONAPESCA;INAPESCA; Kg; mojarra","Captura de mojarra en Colima (1956-2008)"
"329","Captura de","ostion","en Colima (1956-2008)",20,"Captura; Colima; CONAPESCA;INAPESCA; Kg; ostion","Captura de ostion en Colima (1956-2008)"
"330","Captura de","otras (pec,mol,crust)","en Colima (1956-2008)",43,"Captura; Colima; CONAPESCA;INAPESCA; Kg; otras (pec,mol,crust)","Captura de otras (pec,mol,crust) en Colima (1956-2008)"
"331","Captura de","otros crustaceos","en Colima (1956-2008)",5,"Captura; Colima; CONAPESCA;INAPESCA; Kg; otros crustaceos","Captura de otros crustaceos en Colima (1956-2008)"
"332","Captura de","otros moluscos","en Colima (1956-2008)",8,"Captura; Colima; CONAPESCA;INAPESCA; Kg; otros moluscos","Captura de otros moluscos en Colima (1956-2008)"
"333","Captura de","otros peces","en Colima (1956-2008)",11,"Captura; Colima; CONAPESCA;INAPESCA; Kg; otros peces","Captura de otros peces en Colima (1956-2008)"
"334","Captura de","pampano","en Colima (1956-2008)",12,"Captura; Colima; CONAPESCA;INAPESCA; Kg; pampano","Captura de pampano en Colima (1956-2008)"
"335","Captura de","pargo","en Colima (1956-2008)",52,"Captura; Colima; CONAPESCA;INAPESCA; Kg; pargo","Captura de pargo en Colima (1956-2008)"
"336","Captura de","pesc seco,salpreso","en Colima (1956-2008)",9,"Captura; Colima; CONAPESCA;INAPESCA; Kg; pesc seco,salpreso","Captura de pesc seco,salpreso en Colima (1956-2008)"
"337","Captura de","pulpo","en Colima (1956-2008)",29,"Captura; Colima; CONAPESCA;INAPESCA; Kg; pulpo","Captura de pulpo en Colima (1956-2008)"
"338","Captura de","rayas","en Colima (1956-2008)",16,"Captura; Colima; CONAPESCA;INAPESCA; Kg; rayas","Captura de rayas en Colima (1956-2008)"
"339","Captura de","robalo","en Colima (1956-2008)",27,"Captura; Colima; CONAPESCA;INAPESCA; Kg; robalo","Captura de robalo en Colima (1956-2008)"
"340","Captura de","ronco","en Colima (1956-2008)",33,"Captura; Colima; CONAPESCA;INAPESCA; Kg; ronco","Captura de ronco en Colima (1956-2008)"
"341","Captura de","sardina","en Colima (1956-2008)",21,"Captura; Colima; CONAPESCA;INAPESCA; Kg; sardina","Captura de sardina en Colima (1956-2008)"
"342","Captura de","sierra","en Colima (1956-2008)",48,"Captura; Colima; CONAPESCA;INAPESCA; Kg; sierra","Captura de sierra en Colima (1956-2008)"
"343","Captura de","tiburon","en Colima (1956-2008)",43,"Captura; Colima; CONAPESCA;INAPESCA; Kg; tiburon","Captura de tiburon en Colima (1956-2008)"
"344","Captura de","almeja","en Michoacan (1956-2008)",20,"Captura; Michoacan; CONAPESCA;INAPESCA; Kg; almeja","Captura de almeja en Michoacan (1956-2008)"
"345","Captura de","anchoveta","en Michoacan (1956-2008)",2,"Captura; Michoacan; CONAPESCA;INAPESCA; Kg; anchoveta","Captura de anchoveta en Michoacan (1956-2008)"
"346","Captura de","atun","en Michoacan (1956-2008)",2,"Captura; Michoacan; CONAPESCA;INAPESCA; Kg; atun","Captura de atun en Michoacan (1956-2008)"
"347","Captura de","bagre","en Michoacan (1956-2008)",30,"Captura; Michoacan; CONAPESCA;INAPESCA; Kg; bagre","Captura de bagre en Michoacan (1956-2008)"
"348","Captura de","bandera","en Michoacan (1956-2008)",22,"Captura; Michoacan; CONAPESCA;INAPESCA; Kg; bandera","Captura de bandera en Michoacan (1956-2008)"
"349","Captura de","baqueta","en Michoacan (1956-2008)",5,"Captura; Michoacan; CONAPESCA;INAPESCA; Kg; baqueta","Captura de baqueta en Michoacan (1956-2008)"
"350","Captura de","barrilete","en Michoacan (1956-2008)",13,"Captura; Michoacan; CONAPESCA;INAPESCA; Kg; barrilete","Captura de barrilete en Michoacan (1956-2008)"
"351","Captura de","berrugata","en Michoacan (1956-2008)",2,"Captura; Michoacan; CONAPESCA;INAPESCA; Kg; berrugata","Captura de berrugata en Michoacan (1956-2008)"
"352","Captura de","camaron","en Michoacan (1956-2008)",10,"Captura; Michoacan; CONAPESCA;INAPESCA; Kg; camaron","Captura de camaron en Michoacan (1956-2008)"
"353","Captura de","caracol (lapa)","en Michoacan (1956-2008)",2,"Captura; Michoacan; CONAPESCA;INAPESCA; Kg; caracol (lapa)","Captura de caracol (lapa) en Michoacan (1956-2008)"
"354","Captura de","cazon","en Michoacan (1956-2008)",36,"Captura; Michoacan; CONAPESCA;INAPESCA; Kg; cazon","Captura de cazon en Michoacan (1956-2008)"
"355","Captura de","cocinero","en Michoacan (1956-2008)",5,"Captura; Michoacan; CONAPESCA;INAPESCA; Kg; cocinero","Captura de cocinero en Michoacan (1956-2008)"
"356","Captura de","corvina","en Michoacan (1956-2008)",21,"Captura; Michoacan; CONAPESCA;INAPESCA; Kg; corvina","Captura de corvina en Michoacan (1956-2008)"
"357","Captura de","chopa","en Michoacan (1956-2008)",1,"Captura; Michoacan; CONAPESCA;INAPESCA; Kg; chopa","Captura de chopa en Michoacan (1956-2008)"
"358","Captura de","huachinango","en Michoacan (1956-2008)",36,"Captura; Michoacan; CONAPESCA;INAPESCA; Kg; huachinango","Captura de huachinango en Michoacan (1956-2008)"
"359","Captura de","jaiba","en Michoacan (1956-2008)",6,"Captura; Michoacan; CONAPESCA;INAPESCA; Kg; jaiba","Captura de jaiba en Michoacan (1956-2008)"
"360","Captura de","jurel","en Michoacan (1956-2008)",30,"Captura; Michoacan; CONAPESCA;INAPESCA; Kg; jurel","Captura de jurel en Michoacan (1956-2008)"
"361","Captura de","langosta","en Michoacan (1956-2008)",27,"Captura; Michoacan; CONAPESCA;INAPESCA; Kg; langosta","Captura de langosta en Michoacan (1956-2008)"
"362","Captura de","lenguado","en Michoacan (1956-2008)",12,"Captura; Michoacan; CONAPESCA;INAPESCA; Kg; lenguado","Captura de lenguado en Michoacan (1956-2008)"
"363","Captura de","lisa","en Michoacan (1956-2008)",26,"Captura; Michoacan; CONAPESCA;INAPESCA; Kg; lisa","Captura de lisa en Michoacan (1956-2008)"
"364","Captura de","mero","en Michoacan (1956-2008)",12,"Captura; Michoacan; CONAPESCA;INAPESCA; Kg; mero","Captura de mero en Michoacan (1956-2008)"
"365","Captura de","mojarra","en Michoacan (1956-2008)",34,"Captura; Michoacan; CONAPESCA;INAPESCA; Kg; mojarra","Captura de mojarra en Michoacan (1956-2008)"
"366","Captura de","ostion","en Michoacan (1956-2008)",35,"Captura; Michoacan; CONAPESCA;INAPESCA; Kg; ostion","Captura de ostion en Michoacan (1956-2008)"
"367","Captura de","otras (pec,mol,crust)","en Michoacan (1956-2008)",43,"Captura; Michoacan; CONAPESCA;INAPESCA; Kg; otras (pec,mol,crust)","Captura de otras (pec,mol,crust) en Michoacan (1956-2008)"
"368","Captura de","otros crustaceos","en Michoacan (1956-2008)",1,"Captura; Michoacan; CONAPESCA;INAPESCA; Kg; otros crustaceos","Captura de otros crustaceos en Michoacan (1956-2008)"
"369","Captura de","otros moluscos","en Michoacan (1956-2008)",11,"Captura; Michoacan; CONAPESCA;INAPESCA; Kg; otros moluscos","Captura de otros moluscos en Michoacan (1956-2008)"
"370","Captura de","otros peces","en Michoacan (1956-2008)",12,"Captura; Michoacan; CONAPESCA;INAPESCA; Kg; otros peces","Captura de otros peces en Michoacan (1956-2008)"
"371","Captura de","pampano","en Michoacan (1956-2008)",12,"Captura; Michoacan; CONAPESCA;INAPESCA; Kg; pampano","Captura de pampano en Michoacan (1956-2008)"
"372","Captura de","pargo","en Michoacan (1956-2008)",37,"Captura; Michoacan; CONAPESCA;INAPESCA; Kg; pargo","Captura de pargo en Michoacan (1956-2008)"
"373","Captura de","pulpo","en Michoacan (1956-2008)",22,"Captura; Michoacan; CONAPESCA;INAPESCA; Kg; pulpo","Captura de pulpo en Michoacan (1956-2008)"
"374","Captura de","rayas","en Michoacan (1956-2008)",13,"Captura; Michoacan; CONAPESCA;INAPESCA; Kg; rayas","Captura de rayas en Michoacan (1956-2008)"
"375","Captura de","robalo","en Michoacan (1956-2008)",29,"Captura; Michoacan; CONAPESCA;INAPESCA; Kg; robalo","Captura de robalo en Michoacan (1956-2008)"
"376","Captura de","ronco","en Michoacan (1956-2008)",29,"Captura; Michoacan; CONAPESCA;INAPESCA; Kg; ronco","Captura de ronco en Michoacan (1956-2008)"
"377","Captura de","sardina","en Michoacan (1956-2008)",7,"Captura; Michoacan; CONAPESCA;INAPESCA; Kg; sardina","Captura de sardina en Michoacan (1956-2008)"
"378","Captura de","sierra","en Michoacan (1956-2008)",29,"Captura; Michoacan; CONAPESCA;INAPESCA; Kg; sierra","Captura de sierra en Michoacan (1956-2008)"
"379","Captura de","tiburon","en Michoacan (1956-2008)",40,"Captura; Michoacan; CONAPESCA;INAPESCA; Kg; tiburon","Captura de tiburon en Michoacan (1956-2008)"
"380","Captura de","almeja","en Guerrero (1956-2008)",42,"Captura; Guerrero; CONAPESCA;INAPESCA; Kg; almeja","Captura de almeja en Guerrero (1956-2008)"
"381","Captura de","anchoveta","en Guerrero (1956-2008)",2,"Captura; Guerrero; CONAPESCA;INAPESCA; Kg; anchoveta","Captura de anchoveta en Guerrero (1956-2008)"
"382","Captura de","atun","en Guerrero (1956-2008)",20,"Captura; Guerrero; CONAPESCA;INAPESCA; Kg; atun","Captura de atun en Guerrero (1956-2008)"
"383","Captura de","bagre","en Guerrero (1956-2008)",19,"Captura; Guerrero; CONAPESCA;INAPESCA; Kg; bagre","Captura de bagre en Guerrero (1956-2008)"
"384","Captura de","bandera (cuatete)","en Guerrero (1956-2008)",26,"Captura; Guerrero; CONAPESCA;INAPESCA; Kg; bandera (cuatete)","Captura de bandera (cuatete) en Guerrero (1956-2008)"
"385","Captura de","baqueta","en Guerrero (1956-2008)",2,"Captura; Guerrero; CONAPESCA;INAPESCA; Kg; baqueta","Captura de baqueta en Guerrero (1956-2008)"
"386","Captura de","barrilete","en Guerrero (1956-2008)",20,"Captura; Guerrero; CONAPESCA;INAPESCA; Kg; barrilete","Captura de barrilete en Guerrero (1956-2008)"
"387","Captura de","berrugata","en Guerrero (1956-2008)",32,"Captura; Guerrero; CONAPESCA;INAPESCA; Kg; berrugata","Captura de berrugata en Guerrero (1956-2008)"
"388","Captura de","bonito","en Guerrero (1956-2008)",2,"Captura; Guerrero; CONAPESCA;INAPESCA; Kg; bonito","Captura de bonito en Guerrero (1956-2008)"
"389","Captura de","cabrilla","en Guerrero (1956-2008)",12,"Captura; Guerrero; CONAPESCA;INAPESCA; Kg; cabrilla","Captura de cabrilla en Guerrero (1956-2008)"
"390","Captura de","calamar","en Guerrero (1956-2008)",8,"Captura; Guerrero; CONAPESCA;INAPESCA; Kg; calamar","Captura de calamar en Guerrero (1956-2008)"
"391","Captura de","camaron","en Guerrero (1956-2008)",51,"Captura; Guerrero; CONAPESCA;INAPESCA; Kg; camaron","Captura de camaron en Guerrero (1956-2008)"
"392","Captura de","caracol","en Guerrero (1956-2008)",28,"Captura; Guerrero; CONAPESCA;INAPESCA; Kg; caracol","Captura de caracol en Guerrero (1956-2008)"
"393","Captura de","cazon","en Guerrero (1956-2008)",44,"Captura; Guerrero; CONAPESCA;INAPESCA; Kg; cazon","Captura de cazon en Guerrero (1956-2008)"
"394","Captura de","cocinero","en Guerrero (1956-2008)",10,"Captura; Guerrero; CONAPESCA;INAPESCA; Kg; cocinero","Captura de cocinero en Guerrero (1956-2008)"
"395","Captura de","conejo","en Guerrero (1956-2008)",1,"Captura; Guerrero; CONAPESCA;INAPESCA; Kg; conejo","Captura de conejo en Guerrero (1956-2008)"
"396","Captura de","corvina","en Guerrero (1956-2008)",29,"Captura; Guerrero; CONAPESCA;INAPESCA; Kg; corvina","Captura de corvina en Guerrero (1956-2008)"
"397","Captura de","chivato","en Guerrero (1956-2008)",2,"Captura; Guerrero; CONAPESCA;INAPESCA; Kg; chivato","Captura de chivato en Guerrero (1956-2008)"
"398","Captura de","chopa","en Guerrero (1956-2008)",2,"Captura; Guerrero; CONAPESCA;INAPESCA; Kg; chopa","Captura de chopa en Guerrero (1956-2008)"
"399","Captura de","huachinango","en Guerrero (1956-2008)",52,"Captura; Guerrero; CONAPESCA;INAPESCA; Kg; huachinango","Captura de huachinango en Guerrero (1956-2008)"
"400","Captura de","jaiba","en Guerrero (1956-2008)",33,"Captura; Guerrero; CONAPESCA;INAPESCA; Kg; jaiba","Captura de jaiba en Guerrero (1956-2008)"
"401","Captura de","jurel","en Guerrero (1956-2008)",34,"Captura; Guerrero; CONAPESCA;INAPESCA; Kg; jurel","Captura de jurel en Guerrero (1956-2008)"
"402","Captura de","langosta","en Guerrero (1956-2008)",41,"Captura; Guerrero; CONAPESCA;INAPESCA; Kg; langosta","Captura de langosta en Guerrero (1956-2008)"
"403","Captura de","lenguado","en Guerrero (1956-2008)",12,"Captura; Guerrero; CONAPESCA;INAPESCA; Kg; lenguado","Captura de lenguado en Guerrero (1956-2008)"
"404","Captura de","lisa","en Guerrero (1956-2008)",40,"Captura; Guerrero; CONAPESCA;INAPESCA; Kg; lisa","Captura de lisa en Guerrero (1956-2008)"
"405","Captura de","mero","en Guerrero (1956-2008)",14,"Captura; Guerrero; CONAPESCA;INAPESCA; Kg; mero","Captura de mero en Guerrero (1956-2008)"
"406","Captura de","mojarra","en Guerrero (1956-2008)",47,"Captura; Guerrero; CONAPESCA;INAPESCA; Kg; mojarra","Captura de mojarra en Guerrero (1956-2008)"
"407","Captura de","ostion","en Guerrero (1956-2008)",45,"Captura; Guerrero; CONAPESCA;INAPESCA; Kg; ostion","Captura de ostion en Guerrero (1956-2008)"
"408","Captura de","otras (pec,mol,crust)","en Guerrero (1956-2008)",43,"Captura; Guerrero; CONAPESCA;INAPESCA; Kg; otras (pec,mol,crust)","Captura de otras (pec,mol,crust) en Guerrero (1956-2008)"
"409","Captura de","otros crustaceos","en Guerrero (1956-2008)",3,"Captura; Guerrero; CONAPESCA;INAPESCA; Kg; otros crustaceos","Captura de otros crustaceos en Guerrero (1956-2008)"
"410","Captura de","otros moluscos","en Guerrero (1956-2008)",6,"Captura; Guerrero; CONAPESCA;INAPESCA; Kg; otros moluscos","Captura de otros moluscos en Guerrero (1956-2008)"
"411","Captura de","otros peces","en Guerrero (1956-2008)",16,"Captura; Guerrero; CONAPESCA;INAPESCA; Kg; otros peces","Captura de otros peces en Guerrero (1956-2008)"
"412","Captura de","pampano","en Guerrero (1956-2008)",14,"Captura; Guerrero; CONAPESCA;INAPESCA; Kg; pampano","Captura de pampano en Guerrero (1956-2008)"
"413","Captura de","pargo","en Guerrero (1956-2008)",52,"Captura; Guerrero; CONAPESCA;INAPESCA; Kg; pargo","Captura de pargo en Guerrero (1956-2008)"
"414","Captura de","pesc seco,salpreso","en Guerrero (1956-2008)",3,"Captura; Guerrero; CONAPESCA;INAPESCA; Kg; pesc seco,salpreso","Captura de pesc seco,salpreso en Guerrero (1956-2008)"
"415","Captura de","pulpo","en Guerrero (1956-2008)",28,"Captura; Guerrero; CONAPESCA;INAPESCA; Kg; pulpo","Captura de pulpo en Guerrero (1956-2008)"
"416","Captura de","rayas","en Guerrero (1956-2008)",14,"Captura; Guerrero; CONAPESCA;INAPESCA; Kg; rayas","Captura de rayas en Guerrero (1956-2008)"
"417","Captura de","robalo","en Guerrero (1956-2008)",43,"Captura; Guerrero; CONAPESCA;INAPESCA; Kg; robalo","Captura de robalo en Guerrero (1956-2008)"
"418","Captura de","ronco","en Guerrero (1956-2008)",32,"Captura; Guerrero; CONAPESCA;INAPESCA; Kg; ronco","Captura de ronco en Guerrero (1956-2008)"
"419","Captura de","rubia (villajaiba)","en Guerrero (1956-2008)",1,"Captura; Guerrero; CONAPESCA;INAPESCA; Kg; rubia (villajaiba)","Captura de rubia (villajaiba) en Guerrero (1956-2008)"
"420","Captura de","sardina","en Guerrero (1956-2008)",2,"Captura; Guerrero; CONAPESCA;INAPESCA; Kg; sardina","Captura de sardina en Guerrero (1956-2008)"
"421","Captura de","sierra","en Guerrero (1956-2008)",45,"Captura; Guerrero; CONAPESCA;INAPESCA; Kg; sierra","Captura de sierra en Guerrero (1956-2008)"
"422","Captura de","tiburon","en Guerrero (1956-2008)",42,"Captura; Guerrero; CONAPESCA;INAPESCA; Kg; tiburon","Captura de tiburon en Guerrero (1956-2008)"
"423","Captura de","almeja","en Oaxaca (1956-2008)",14,"Captura; Oaxaca; CONAPESCA;INAPESCA; Kg; almeja","Captura de almeja en Oaxaca (1956-2008)"
"424","Captura de","anchoveta","en Oaxaca (1956-2008)",2,"Captura; Oaxaca; CONAPESCA;INAPESCA; Kg; anchoveta","Captura de anchoveta en Oaxaca (1956-2008)"
"425","Captura de","atun","en Oaxaca (1956-2008)",23,"Captura; Oaxaca; CONAPESCA;INAPESCA; Kg; atun","Captura de atun en Oaxaca (1956-2008)"
"426","Captura de","bagre","en Oaxaca (1956-2008)",29,"Captura; Oaxaca; CONAPESCA;INAPESCA; Kg; bagre","Captura de bagre en Oaxaca (1956-2008)"
"427","Captura de","bandera","en Oaxaca (1956-2008)",24,"Captura; Oaxaca; CONAPESCA;INAPESCA; Kg; bandera","Captura de bandera en Oaxaca (1956-2008)"
"428","Captura de","baqueta","en Oaxaca (1956-2008)",14,"Captura; Oaxaca; CONAPESCA;INAPESCA; Kg; baqueta","Captura de baqueta en Oaxaca (1956-2008)"
"429","Captura de","barrilete","en Oaxaca (1956-2008)",42,"Captura; Oaxaca; CONAPESCA;INAPESCA; Kg; barrilete","Captura de barrilete en Oaxaca (1956-2008)"
"430","Captura de","berrugata","en Oaxaca (1956-2008)",23,"Captura; Oaxaca; CONAPESCA;INAPESCA; Kg; berrugata","Captura de berrugata en Oaxaca (1956-2008)"
"431","Captura de","bonito","en Oaxaca (1956-2008)",20,"Captura; Oaxaca; CONAPESCA;INAPESCA; Kg; bonito","Captura de bonito en Oaxaca (1956-2008)"
"432","Captura de","cabrilla","en Oaxaca (1956-2008)",8,"Captura; Oaxaca; CONAPESCA;INAPESCA; Kg; cabrilla","Captura de cabrilla en Oaxaca (1956-2008)"
"433","Captura de","calamar","en Oaxaca (1956-2008)",19,"Captura; Oaxaca; CONAPESCA;INAPESCA; Kg; calamar","Captura de calamar en Oaxaca (1956-2008)"
"434","Captura de","camaron","en Oaxaca (1956-2008)",52,"Captura; Oaxaca; CONAPESCA;INAPESCA; Kg; camaron","Captura de camaron en Oaxaca (1956-2008)"
"435","Captura de","caracol","en Oaxaca (1956-2008)",29,"Captura; Oaxaca; CONAPESCA;INAPESCA; Kg; caracol","Captura de caracol en Oaxaca (1956-2008)"
"436","Captura de","cazon","en Oaxaca (1956-2008)",29,"Captura; Oaxaca; CONAPESCA;INAPESCA; Kg; cazon","Captura de cazon en Oaxaca (1956-2008)"
"437","Captura de","cocinero","en Oaxaca (1956-2008)",7,"Captura; Oaxaca; CONAPESCA;INAPESCA; Kg; cocinero","Captura de cocinero en Oaxaca (1956-2008)"
"438","Captura de","corvina","en Oaxaca (1956-2008)",52,"Captura; Oaxaca; CONAPESCA;INAPESCA; Kg; corvina","Captura de corvina en Oaxaca (1956-2008)"
"439","Captura de","esmedregal","en Oaxaca (1956-2008)",14,"Captura; Oaxaca; CONAPESCA;INAPESCA; Kg; esmedregal","Captura de esmedregal en Oaxaca (1956-2008)"
"440","Captura de","huachinango","en Oaxaca (1956-2008)",41,"Captura; Oaxaca; CONAPESCA;INAPESCA; Kg; huachinango","Captura de huachinango en Oaxaca (1956-2008)"
"441","Captura de","jaiba","en Oaxaca (1956-2008)",22,"Captura; Oaxaca; CONAPESCA;INAPESCA; Kg; jaiba","Captura de jaiba en Oaxaca (1956-2008)"
"442","Captura de","jurel","en Oaxaca (1956-2008)",31,"Captura; Oaxaca; CONAPESCA;INAPESCA; Kg; jurel","Captura de jurel en Oaxaca (1956-2008)"
"443","Captura de","langosta","en Oaxaca (1956-2008)",28,"Captura; Oaxaca; CONAPESCA;INAPESCA; Kg; langosta","Captura de langosta en Oaxaca (1956-2008)"
"444","Captura de","lebrancha","en Oaxaca (1956-2008)",8,"Captura; Oaxaca; CONAPESCA;INAPESCA; Kg; lebrancha","Captura de lebrancha en Oaxaca (1956-2008)"
"445","Captura de","lenguado","en Oaxaca (1956-2008)",14,"Captura; Oaxaca; CONAPESCA;INAPESCA; Kg; lenguado","Captura de lenguado en Oaxaca (1956-2008)"
"446","Captura de","lisa","en Oaxaca (1956-2008)",43,"Captura; Oaxaca; CONAPESCA;INAPESCA; Kg; lisa","Captura de lisa en Oaxaca (1956-2008)"
"447","Captura de","mero","en Oaxaca (1956-2008)",17,"Captura; Oaxaca; CONAPESCA;INAPESCA; Kg; mero","Captura de mero en Oaxaca (1956-2008)"
"448","Captura de","mojarra","en Oaxaca (1956-2008)",44,"Captura; Oaxaca; CONAPESCA;INAPESCA; Kg; mojarra","Captura de mojarra en Oaxaca (1956-2008)"
"449","Captura de","ostion","en Oaxaca (1956-2008)",32,"Captura; Oaxaca; CONAPESCA;INAPESCA; Kg; ostion","Captura de ostion en Oaxaca (1956-2008)"
"450","Captura de","otras (pec,mol,crust)","en Oaxaca (1956-2008)",43,"Captura; Oaxaca; CONAPESCA;INAPESCA; Kg; otras (pec,mol,crust)","Captura de otras (pec,mol,crust) en Oaxaca (1956-2008)"
"451","Captura de","otros crustaceos","en Oaxaca (1956-2008)",4,"Captura; Oaxaca; CONAPESCA;INAPESCA; Kg; otros crustaceos","Captura de otros crustaceos en Oaxaca (1956-2008)"
"452","Captura de","otros moluscos","en Oaxaca (1956-2008)",5,"Captura; Oaxaca; CONAPESCA;INAPESCA; Kg; otros moluscos","Captura de otros moluscos en Oaxaca (1956-2008)"
"453","Captura de","otros peces","en Oaxaca (1956-2008)",19,"Captura; Oaxaca; CONAPESCA;INAPESCA; Kg; otros peces","Captura de otros peces en Oaxaca (1956-2008)"
"454","Captura de","pampano","en Oaxaca (1956-2008)",12,"Captura; Oaxaca; CONAPESCA;INAPESCA; Kg; pampano","Captura de pampano en Oaxaca (1956-2008)"
"455","Captura de","pargo","en Oaxaca (1956-2008)",35,"Captura; Oaxaca; CONAPESCA;INAPESCA; Kg; pargo","Captura de pargo en Oaxaca (1956-2008)"
"456","Captura de","pesc seco,salpreso","en Oaxaca (1956-2008)",12,"Captura; Oaxaca; CONAPESCA;INAPESCA; Kg; pesc seco,salpreso","Captura de pesc seco,salpreso en Oaxaca (1956-2008)"
"457","Captura de","pierna","en Oaxaca (1956-2008)",7,"Captura; Oaxaca; CONAPESCA;INAPESCA; Kg; pierna","Captura de pierna en Oaxaca (1956-2008)"
"458","Captura de","pulpo","en Oaxaca (1956-2008)",25,"Captura; Oaxaca; CONAPESCA;INAPESCA; Kg; pulpo","Captura de pulpo en Oaxaca (1956-2008)"
"459","Captura de","rayas","en Oaxaca (1956-2008)",12,"Captura; Oaxaca; CONAPESCA;INAPESCA; Kg; rayas","Captura de rayas en Oaxaca (1956-2008)"
"460","Captura de","robalo","en Oaxaca (1956-2008)",36,"Captura; Oaxaca; CONAPESCA;INAPESCA; Kg; robalo","Captura de robalo en Oaxaca (1956-2008)"
"461","Captura de","ronco","en Oaxaca (1956-2008)",30,"Captura; Oaxaca; CONAPESCA;INAPESCA; Kg; ronco","Captura de ronco en Oaxaca (1956-2008)"
"462","Captura de","sabalo","en Oaxaca (1956-2008)",7,"Captura; Oaxaca; CONAPESCA;INAPESCA; Kg; sabalo","Captura de sabalo en Oaxaca (1956-2008)"
"463","Captura de","sardina","en Oaxaca (1956-2008)",12,"Captura; Oaxaca; CONAPESCA;INAPESCA; Kg; sardina","Captura de sardina en Oaxaca (1956-2008)"
"464","Captura de","sierra","en Oaxaca (1956-2008)",28,"Captura; Oaxaca; CONAPESCA;INAPESCA; Kg; sierra","Captura de sierra en Oaxaca (1956-2008)"
"465","Captura de","tiburon","en Oaxaca (1956-2008)",40,"Captura; Oaxaca; CONAPESCA;INAPESCA; Kg; tiburon","Captura de tiburon en Oaxaca (1956-2008)"
"466","Captura de","almeja","en Chiapas (1956-2008)",9,"Captura; Chiapas; CONAPESCA;INAPESCA; Kg; almeja","Captura de almeja en Chiapas (1956-2008)"
"467","Captura de","anchoveta","en Chiapas (1956-2008)",11,"Captura; Chiapas; CONAPESCA;INAPESCA; Kg; anchoveta","Captura de anchoveta en Chiapas (1956-2008)"
"468","Captura de","atun","en Chiapas (1956-2008)",20,"Captura; Chiapas; CONAPESCA;INAPESCA; Kg; atun","Captura de atun en Chiapas (1956-2008)"
"469","Captura de","bagre","en Chiapas (1956-2008)",44,"Captura; Chiapas; CONAPESCA;INAPESCA; Kg; bagre","Captura de bagre en Chiapas (1956-2008)"
"470","Captura de","bandera","en Chiapas (1956-2008)",13,"Captura; Chiapas; CONAPESCA;INAPESCA; Kg; bandera","Captura de bandera en Chiapas (1956-2008)"
"471","Captura de","barrilete","en Chiapas (1956-2008)",24,"Captura; Chiapas; CONAPESCA;INAPESCA; Kg; barrilete","Captura de barrilete en Chiapas (1956-2008)"
"472","Captura de","berrugata","en Chiapas (1956-2008)",18,"Captura; Chiapas; CONAPESCA;INAPESCA; Kg; berrugata","Captura de berrugata en Chiapas (1956-2008)"
"473","Captura de","besugo","en Chiapas (1956-2008)",16,"Captura; Chiapas; CONAPESCA;INAPESCA; Kg; besugo","Captura de besugo en Chiapas (1956-2008)"
"474","Captura de","calamar","en Chiapas (1956-2008)",5,"Captura; Chiapas; CONAPESCA;INAPESCA; Kg; calamar","Captura de calamar en Chiapas (1956-2008)"
"475","Captura de","camaron","en Chiapas (1956-2008)",52,"Captura; Chiapas; CONAPESCA;INAPESCA; Kg; camaron","Captura de camaron en Chiapas (1956-2008)"
"476","Captura de","caracol","en Chiapas (1956-2008)",15,"Captura; Chiapas; CONAPESCA;INAPESCA; Kg; caracol","Captura de caracol en Chiapas (1956-2008)"
"477","Captura de","cazon","en Chiapas (1956-2008)",25,"Captura; Chiapas; CONAPESCA;INAPESCA; Kg; cazon","Captura de cazon en Chiapas (1956-2008)"
"478","Captura de","corvina","en Chiapas (1956-2008)",22,"Captura; Chiapas; CONAPESCA;INAPESCA; Kg; corvina","Captura de corvina en Chiapas (1956-2008)"
"479","Captura de","chucumite (robalo)","en Chiapas (1956-2008)",4,"Captura; Chiapas; CONAPESCA;INAPESCA; Kg; chucumite (robalo)","Captura de chucumite (robalo) en Chiapas (1956-2008)"
"480","Captura de","huachinango","en Chiapas (1956-2008)",22,"Captura; Chiapas; CONAPESCA;INAPESCA; Kg; huachinango","Captura de huachinango en Chiapas (1956-2008)"
"481","Captura de","jaiba","en Chiapas (1956-2008)",29,"Captura; Chiapas; CONAPESCA;INAPESCA; Kg; jaiba","Captura de jaiba en Chiapas (1956-2008)"
"482","Captura de","jurel","en Chiapas (1956-2008)",30,"Captura; Chiapas; CONAPESCA;INAPESCA; Kg; jurel","Captura de jurel en Chiapas (1956-2008)"
"483","Captura de","lebrancha","en Chiapas (1956-2008)",20,"Captura; Chiapas; CONAPESCA;INAPESCA; Kg; lebrancha","Captura de lebrancha en Chiapas (1956-2008)"
"484","Captura de","lenguado","en Chiapas (1956-2008)",6,"Captura; Chiapas; CONAPESCA;INAPESCA; Kg; lenguado","Captura de lenguado en Chiapas (1956-2008)"
"485","Captura de","lisa","en Chiapas (1956-2008)",45,"Captura; Chiapas; CONAPESCA;INAPESCA; Kg; lisa","Captura de lisa en Chiapas (1956-2008)"
"486","Captura de","macabi","en Chiapas (1956-2008)",3,"Captura; Chiapas; CONAPESCA;INAPESCA; Kg; macabi","Captura de macabi en Chiapas (1956-2008)"
"487","Captura de","macarela","en Chiapas (1956-2008)",1,"Captura; Chiapas; CONAPESCA;INAPESCA; Kg; macarela","Captura de macarela en Chiapas (1956-2008)"
"488","Captura de","manjua (anchoveta)","en Chiapas (1956-2008)",17,"Captura; Chiapas; CONAPESCA;INAPESCA; Kg; manjua (anchoveta)","Captura de manjua (anchoveta) en Chiapas (1956-2008)"
"489","Captura de","mero","en Chiapas (1956-2008)",25,"Captura; Chiapas; CONAPESCA;INAPESCA; Kg; mero","Captura de mero en Chiapas (1956-2008)"
"490","Captura de","mojarra","en Chiapas (1956-2008)",52,"Captura; Chiapas; CONAPESCA;INAPESCA; Kg; mojarra","Captura de mojarra en Chiapas (1956-2008)"
"491","Captura de","otras (pec,mol,crust)","en Chiapas (1956-2008)",43,"Captura; Chiapas; CONAPESCA;INAPESCA; Kg; otras (pec,mol,crust)","Captura de otras (pec,mol,crust) en Chiapas (1956-2008)"
"492","Captura de","otros crustaceos","en Chiapas (1956-2008)",3,"Captura; Chiapas; CONAPESCA;INAPESCA; Kg; otros crustaceos","Captura de otros crustaceos en Chiapas (1956-2008)"
"493","Captura de","otros moluscos","en Chiapas (1956-2008)",2,"Captura; Chiapas; CONAPESCA;INAPESCA; Kg; otros moluscos","Captura de otros moluscos en Chiapas (1956-2008)"
"494","Captura de","otros peces","en Chiapas (1956-2008)",16,"Captura; Chiapas; CONAPESCA;INAPESCA; Kg; otros peces","Captura de otros peces en Chiapas (1956-2008)"
"495","Captura de","pampano","en Chiapas (1956-2008)",3,"Captura; Chiapas; CONAPESCA;INAPESCA; Kg; pampano","Captura de pampano en Chiapas (1956-2008)"
"496","Captura de","pargo","en Chiapas (1956-2008)",41,"Captura; Chiapas; CONAPESCA;INAPESCA; Kg; pargo","Captura de pargo en Chiapas (1956-2008)"
"497","Captura de","pesc seco,salpreso","en Chiapas (1956-2008)",12,"Captura; Chiapas; CONAPESCA;INAPESCA; Kg; pesc seco,salpreso","Captura de pesc seco,salpreso en Chiapas (1956-2008)"
"498","Captura de","pulpo","en Chiapas (1956-2008)",3,"Captura; Chiapas; CONAPESCA;INAPESCA; Kg; pulpo","Captura de pulpo en Chiapas (1956-2008)"
"499","Captura de","rayas","en Chiapas (1956-2008)",12,"Captura; Chiapas; CONAPESCA;INAPESCA; Kg; rayas","Captura de rayas en Chiapas (1956-2008)"
"500","Captura de","robalo","en Chiapas (1956-2008)",52,"Captura; Chiapas; CONAPESCA;INAPESCA; Kg; robalo","Captura de robalo en Chiapas (1956-2008)"
"501","Captura de","ronco","en Chiapas (1956-2008)",20,"Captura; Chiapas; CONAPESCA;INAPESCA; Kg; ronco","Captura de ronco en Chiapas (1956-2008)"
"502","Captura de","sabalo","en Chiapas (1956-2008)",8,"Captura; Chiapas; CONAPESCA;INAPESCA; Kg; sabalo","Captura de sabalo en Chiapas (1956-2008)"
"503","Captura de","sardina","en Chiapas (1956-2008)",2,"Captura; Chiapas; CONAPESCA;INAPESCA; Kg; sardina","Captura de sardina en Chiapas (1956-2008)"
"504","Captura de","sierra","en Chiapas (1956-2008)",28,"Captura; Chiapas; CONAPESCA;INAPESCA; Kg; sierra","Captura de sierra en Chiapas (1956-2008)"
"505","Captura de","tiburon","en Chiapas (1956-2008)",40,"Captura; Chiapas; CONAPESCA;INAPESCA; Kg; tiburon","Captura de tiburon en Chiapas (1956-2008)"
"506","Captura Total","(pesca)","en Baja California (1956-2008)",53," (pesca)","Captura Total (pesca) en Baja California (1956-2008)"
"507","Captura Total","(pesca)","en Baja California Sur (1956-2008)",53," (pesca)","Captura Total (pesca) en Baja California Sur (1956-2008)"
"508","Captura Total","(pesca)","en Chiapas (1956-2008)",53," (pesca)","Captura Total (pesca) en Chiapas (1956-2008)"
"509","Captura Total","(pesca)","en Guerrero (1956-2008)",53," (pesca)","Captura Total (pesca) en Guerrero (1956-2008)"
"510","Captura Total","(pesca)","en Michoacan (1956-2008)",53," (pesca)","Captura Total (pesca) en Michoacan (1956-2008)"
"511","Captura Total","(pesca)","en Oaxaca (1956-2008)",53," (pesca)","Captura Total (pesca) en Oaxaca (1956-2008)"
"512","Captura Total","(pesca)","en Colima (1956-2008)",53," (pesca)","Captura Total (pesca) en Colima (1956-2008)"
"513","Captura Total","(pesca)","en Jalisco (1956-2008)",53," (pesca)","Captura Total (pesca) en Jalisco (1956-2008)"
"514","Captura Total","(pesca)","en Sinaloa (1956-2008)",53," (pesca)","Captura Total (pesca) en Sinaloa (1956-2008)"
"515","Captura Total","(pesca)","en Sonora (1956-2008)",53," (pesca)","Captura Total (pesca) en Sonora (1956-2008)"
"516","Captura Total","(pesca)","en Nayarit (1956-2008)",53," (pesca)","Captura Total (pesca) en Nayarit (1956-2008)"
"517","","","",NA," ","  "
